id,url,anio,num,titulo,var1,var2,fuente_texto,pais_excluyente,url_pdf,url_xml
1,https://revistaurbanismo.uchile.cl/index.php/RU/article/view/30879,2014,30,Diseño urbano y sentido de lugar,"Chilean cities should be subject of serious concern, not only because population in them is growing in size, but also in discontent. Functionality related problems, as well as a loss of local identity, make dwelling in urban areas meaningless. Addressing the aforementioned problems requires an approach that not only considers functionality, but also perceptual and subjective issues that arise from the perception that the inhabitants of cities have, in relation with their environment. Therefore, the sense of place appears to be a fundamental aspect to look at, since it can transform the way of inhabiting a certain area. Moreover, some guidance regarding what is a good place, and should it be can be found within the principles of urban design. However, the linkage between design theory, creating sense of place and the urban design practice, have not been developed yet. This articles intends to look at how Sternberg's integrative urban design theory could be applied, putting emphasis on the production of places with meaning, through the projects developed in an architecture studio at the Universidad Austral de Chile, for the city of Valdivia. The results focus on the spatial transformation of key areas of the city, through a methodology that integrates theory and practice.",Diseño urbano; Lugar; Valdivia; Espacio público,html,,https://revistaurbanismo.uchile.cl/index.php/RU/article/view/30879/33911,
2,https://revistaurbanismo.uchile.cl/index.php/RU/article/view/35459,2015,32,Construir la ciudad desde los espacios públicos,"With the lack of public space as a factor that generates urban quality of life in terms of missed opportunities of the territory, loss of identity and social division, is proposed a methodology for analysis and evaluation of the urban public space based on qualitative data, with a theoretical basis, so it can be used in planning practice. The manuscript is centered on the potential projection of perceived urban space and spatial hierarchies as a result of the social uses along with temporal-spatial changes such as population growth and social disintegration. For this, it is reviewed various notions of public space and elements of correspondence in the city of Santiago, Chile. In order to understand the behavior and function of public space, a methodology for classification of public spaces is made on the dimensions: morpho-typology, functional and socio-psychological from the relationships established between man and his environment. It is concluded that uncovering these discourses becomes fundamental to add a new level to effective urban infrastructure according to their needs and conditions, significantly increasing the socio-spatial impacts.",Espacios públicos; tipología; integración social; convergencias; alteridad,html,,https://revistaurbanismo.uchile.cl/index.php/RU/article/view/35459/38290,
3,https://revistaurbanismo.uchile.cl/index.php/RU/article/view/35879,2015,33,La mecánica de producción de los imaginarios urbanos,"Research on urban imaginaries has proliferated in Latin America for the past years. However, apparently no one has tackled the issue of how the image of the city comes to be. Therefore, there is a lack of explicit propositions regarding the way in which the process of production of urban imagery could be analyzed. In this article we propose a framework for the analysis of the production of urban imaginaries, by reviewing the most relevant literature in the field, which allows us to develop what we called the ""mechanics"" of production of urban imaginaries. Subsequently, in order to clarify our proposal, we refer to two case studies: the ""Santiago in 100 words"" short-story competition and the ""Vivienda y Decoración"" newspaper insert. According to our analysis, the ""mechanics"" of production of urban imaginaries is characterized by specific ways of representation used to depict urban environments, that due to their massive distribution, become perceptual frameworks of the city, getting fixed as the foundations for general action, giving shaping our experiences and permeating our interpretations of new imaginaries that come into place.",Imaginarios urbanos; trasfondo; publicidad inmobiliaria; micro-relatos; Santiago de Chile,html,,https://revistaurbanismo.uchile.cl/index.php/RU/article/view/35879/39795,
4,https://revistaurbanismo.uchile.cl/index.php/RU/article/view/36172,2015,32,Intervenciones en paisajes urbanos residuales,"Beginning from the reconstruction process of the Chilean earthquake and tsunami of February 27, 2010, it was generated the need of an intervention on those rings and bags of residual urban space, the most affected areas, because of their relation with the landscape. For this purpose, a new landscape planning was developed in order to propose new public space and to integrate concepts of mitigation through green urban belts, generating the concept of mitigation parks. Those residual urban spaces that the expansion of our cities have generated over ecologically vulnerable territories, in the measure of having been treated with sustainable criteria, will develop value no just in landscape design terms, but also as a potential sustainable public space capable of a dialogue with the natural environment. Methodologically, this study analyzed a relevant sample of the main urban projects of this type in the regions of Maule and Biobio, Chile, analyzing goods and wrongs in the process. In that way, it was established a series of general urban design criteria in order to generate an intervention that guarantee a better relationship between the urban landscape and natural environment.",Espacio urbano residual; parque de mitigación; paisaje urbano,html,,https://revistaurbanismo.uchile.cl/index.php/RU/article/view/36172/38289,
5,https://revistaurbanismo.uchile.cl/index.php/RU/article/view/36528,2015,32,"Nuevas urbanizaciones costeras, gentrificación turística en la bahía de Coquimbo?","Globalization has contributed to the expansion of property development markets; pressing developments that respond to considerations of capital markets and tourism. This urban development increase, is not exclusive of cities and metropolis but extends to rural and tourist landscapes. They have urban development associated with the phenomenon of tourist gentrification features. From this view in the document is raise that; the increase of built in recent decades on the coastal edge of the Coquimbo Bay, is manifesting as physical, cultural and social changes that not only affect the spas and urban systems surface who receive them; but, generate a favorable context for the phenomenon of gentrification tourism develops. Phenomenon that's redefining in Latin American context and especially Chilean coast.",gentrificación turística; mercados inmobiliarios de segunda residencia; bahía de coquimbo,html,,https://revistaurbanismo.uchile.cl/index.php/RU/article/view/36528/38283,
6,https://revistaurbanismo.uchile.cl/index.php/RU/article/view/36545,2015,32,Panorama teórico y tendencias contemporáneas de Barrios Sustentables. Especulaciones en torno a un modelo de desarrollo para Chile.,"Urban growth entails a series of impacts on the territory, usually related to farm soil consumption and depopulation in central areas. These two trends lead to the surge of housing projects in diverse formats, which can group several housing units. It is relevant then to enquire on their characteristics to explore alternate growth and regeneration models that foster sustainable development. In that context, the research is focused in the neighbourhood scale to integrate sustainability criteria. International literature sustain that is in the neighbourhood where it is possible to establish a positive link between environmental return, like air pollution reduction, noise, etc., and social return, like integration and social cohesion. Nevertheless, it is still not possible to establish a suitable development mode on these matters in the national context. Thus the paper will aim to progress in the knowledge of the implementation of this model within local urban praxis.",barrios sustentables; indicadores de sustentabilidad; mejores prácticas; vivienda social,html,,https://revistaurbanismo.uchile.cl/index.php/RU/article/view/36545/38287,
7,https://revistaurbanismo.uchile.cl/index.php/RU/article/view/36556,2015,32,"Primer ensayo urbanístico regional, modernidad en La Serena, 1946 - 1952","Plan Serena represents an extensive economic, urban and architectural conducted between 1946 and 1952, in the Bay of Coquimbo and La Serena, under precepts of modernity performance, but that required (at the express wish of the client, the President of the Republic) a neo-colonial building style. Seventy years later, and under the implementation of local development strategic plan, it becomes posible to study this initiative, as well as to evaluate its results. It is stated that under the formal (stylistic) layer, modern architectural work emerges, producing spaces and urban places that are now part of our everyday heritage. This article is part of the doctoral thesis; Serena Plan, validity and obsolescence, where one of the goals is to build from the local architectural and urban knowledge of where we find ourselves.",Urbanismo; Plan Serena; planificación; Plan de Fomento Económico,html,,https://revistaurbanismo.uchile.cl/index.php/RU/article/view/36556/38284,
8,https://revistaurbanismo.uchile.cl/index.php/RU/article/view/36569,2015,33,"Interacciones de agua y ciudad / Una investigación de Urbanismo del Paisaje aplicado al caso del río Andalién, Concepción.","Water and city are inseparably linked. As water is a necessity, cities have always been related to and defined by water. Under the theoretical framework of Landscape Urbanism this article analyses the water-city relationship. It uses the landscape scale to study the interplay between the built environment and water structures as they articulate harmoniously, but very often also in conflicting ways. Flooding, waterlogging, water scarcity and water quality are only a few of the notions that problematize the relationship. The article discussed the preliminary results of the doctoral research ""River Restoration as an Urban Development Strategy"". It seeks to establish the possibilities of applying river restoration in urban contexts as an analysis and design method and turning river restoration instruments into decision making and development tools. The case study is Andalien River in Concepcion City, Chile. The landscape scale reference unit is the river basin. The geographic sections of this river course; their dynamics and the interplay with the urban are analysed, mainly through the cartographic exploration. The results shown in this article are first outlines for an exploratory city-water atlas that assesses and evaluates landscape elements as structures that can guide future urbanisation, while restoring a more constructive interplay between water and urban structures.",Urbanismo del paisaje; planificación adaptativa; restauración fluvial; investigación por diseño,html,,https://revistaurbanismo.uchile.cl/index.php/RU/article/view/36569/39793,
9,https://revistaurbanismo.uchile.cl/index.php/RU/article/view/36626,2015,32,"El proyecto urbano “La Chimba” Antofagasta, aciertos y retos pendientes","In 1997, the Urban Project Department of the Chilean Ministry of Housing in cooperation with Antofagasta local government and the Land Ministry began the making of a development plan for an unused area in the northern tip of the city known as La Chimba. The aim of the plan was to ensure a methodical and coherent planning of 417 hectares of land belonging to the State. This plan proposed a new way of projecting the growth of the city, with a special emphasis in the connectivity of the project, considering car parking and bi-directional routes as well as proposing a mix zoning use, including equipment areas, urban parks, accompanied by a policy of image change of an area up to then seen a derelict as is reveled in scale models and plans of the project. One of the most important challenges of the project was to implement innovative urban management tools. Ten years after some successful decisions and mistakes can be identified. The project was implemented but due to urban development policies changes other similar projects have not been implemented since.",Urbanismo; Planificación Urbana; Proyectos Urbanos; Gestión Urbana; La Chimba; Antofagasta,html,,https://revistaurbanismo.uchile.cl/index.php/RU/article/view/36626/38286,
10,https://revistaurbanismo.uchile.cl/index.php/RU/article/view/36649,2015,33,"Convivencialidad y seguridad en espacios comunitarios del movimiento moderno. Estudio de la Remodelación Paicaví, Concepción","When considering segregation and the lack of security as negative influences on the development of society, it is possible to say that the concept of convivenciality becomes key for equitable social growth, as it was strongly stressed by the Modern Movement through the design of community residential complexes. Within this context, the overarching goal of this research is to understand how the spatial conditions proposed by Modern Movement architecture have provided convivenciality spaces for the people that inhabit them, strengthening their ties to the place and the community. The Remodelación Paicaví project has been chosen as case study, given its character of flagship project for the city of Concepción, as well as because it was developed under the principles of the Modern Movement. The analysis aimed to establish a relationship between the design principles applied and the conditions of convivenciality (security, non-segregation, etc.). The results show that even if there are certain design conditions that appear as favorable, the presence of large spaces that lack activities has led to abandonment, which has affected the perception of security, triggering rejection from residents and undermining the sense of community.",convivencialidad; espacios comunitarios; Movimiento Moderno,html,,https://revistaurbanismo.uchile.cl/index.php/RU/article/view/36649/39818,
11,https://revistaurbanismo.uchile.cl/index.php/RU/article/view/37964,2015,33,Cluster minero sin cluster social,"Antofagasta, a commodity region by excellence, as well as the most representative of the model based on export, plays a significant role in defining macroeconomic balance, along with some of the most relevant items in the national budget, including national and social security. Chile relies as much on copper as it does on Antofagasta: the country's economic sustainability is tightly linked to the copper market and the territories where said metal is produced. If the country is vulnerable to the resource's fluctuation in price, Antofagasta reflects this dependency to the extreme. Antofagasta, the most global city in Chile, capital of the second largest regional economy in the country, which register the second highest international investment and is the most important in the export and per capita income, is the one that shows the largest gap between its income poverty (4%) and its multidimensional poverty (20.7%). This fact confirms that economic growth does not translate into development: the mining cluster strategy has failed in the generation of a social cluster.",Antofagasta; sustentabilidad; equidad; cluster; regiones mineras,html,,https://revistaurbanismo.uchile.cl/index.php/RU/article/view/37964/39791,
12,https://revistaurbanismo.uchile.cl/index.php/RU/article/view/39418,2016,34,Planificación territorial y mitigación de impacto de tsunami en Chile después del 27 Febrero 2010,"This article analyses the role of urban planning in mitigating the impact of tsunami in Chile, especially in response to the tsunami of February 27th, 2010. It examines the policies to reduce the impact of tsunami developed at the national level and analyses and compares tsunami mitigation measures proposed at the local level in recent reconstruction plans (PRES) for coastal towns and villages, through a detailed policy review and semi structured interviews with key actors. This article shows that tsunami mitigation measures proposed in the non-binding PRES are being developed in a weak national regulatory framework and focus strongly on ""anti-tsunami"" engineering solutions. Other available planning tools like risk zoning and relocation have only been proposed in a few coastal reconstruction plans without suitable instruments for their implementation and lacking an active participation of citizens.",planificación urbana; mitigación impacto tsunami; reconstrucción; resiliencia,html,,https://revistaurbanismo.uchile.cl/index.php/RU/article/view/39418/43589,
13,https://revistaurbanismo.uchile.cl/index.php/RU/article/view/39576,2016,34,Renovación urbana y gentrificación post-catástrofe en Concepción,"The study of Aurora de Chile reveals the existence of a gentrification process associated to urban renewal policies and natural disasters -earthquakes- in the riverfront neighbourhood of Aurora, as symbolic tools that justify the development of urban operations that are being implemented without participatory strategies. Through a methodology based on the revision of urban planning instruments, ethnographic observations, interviews to key informants and neighbour conversation groups, the different phases of the urban renewal process were analyzed, noting the arguments related to planning and reconstruction, and how these symbolic constructions determine the expression, of the different actors involved, regarding the city and its post catastrophe development. Finally it is proposed that a strategy of urban renewal of the riverfront exists, and that it uses the earthquake as an opportunity to trigger the acceleration of joint public and private projects, but it&rsquo;s not made explicit in an urban planning project. Thus, naturalizing the need that the inhabitants of this urban village ""sacrifice"" part of their land and identity for the good and future development of the city.",Gentrificación; Reconstrucción; Renovación Urbana,html,,https://revistaurbanismo.uchile.cl/index.php/RU/article/view/39576/43594,
14,https://revistaurbanismo.uchile.cl/index.php/RU/article/view/39724,2016,34,Estigma territorial y gentrificación post desastre 2014. El caso de las poblaciones pericentrales norte de Iquique,"The process of gentrification in middle size cities like Iquique, is a growing phenomenon. The speed of this dynamic has made both real estate developers and local government to look at historic grounds, which have suffered a strong devaluation due to territorial stigma, along with the consequences of recent natural disasters, as a viable option to energize new real estate development. Thus, the case of north pericentral settlements of Iquique help to deepen the study about gentrification in a post-disaster scenario, where the subjects potentially displaced are the most vulnerable inhabitants of the city. Gentrification under said conditions represents an opportunity for the local government to do social cleanup, and allows the real-estate agencies to capitalize with disasters.",stigma territorial; gentrificación post desastre; limpieza social,html,,https://revistaurbanismo.uchile.cl/index.php/RU/article/view/39724/43591,
15,https://revistaurbanismo.uchile.cl/index.php/RU/article/view/40049,2016,35,Proyectos Urbanos Estratégicos para Valparaíso,"This paper presents the academic experience of an architecture workshop oriented towards urban design through the development of Urban Strategic Projects in ravines, where the issue is spatial planning, based on the valorization of local heritage (understanding and acting in relation to local culture and vocation of these territories) to achieve sustainable development for the hills in Valparaiso, Chile. The practical relevance is to reverse the process of marginalization associated with various environmental problems (micro-landfills, illegal occupation of land and fire hazard, among others), creating new urban centers and handling ravines with new uses.",Estrategia urbana; nueva centralidad urbana; patrimonio cultural; proyecto urbano estratégico; quebradas,html,,https://revistaurbanismo.uchile.cl/index.php/RU/article/view/40049/46760,
16,https://revistaurbanismo.uchile.cl/index.php/RU/article/view/40050,2016,35,"Puesta en Valor del Patrimonio Agrícola en Ciudades Intermedias, caso Chillán","From the current territorial scenario, in which the rural persists in all its identity, social and economic terms, the value of productive agricultural land loses extension, in a constant struggle to overcome the urban sprawl. Structural modifications of the peri-urban areas in recent decades present us with the consolidation of the processes of growth and uneven urban transformation, which under the prevailing neoliberal model and persistent, become increasingly visible in cities of intermediate range. While the metropolitan scale have not acquired even greater speeds urban growth. The study compares developments related to urban development of the area concerned to analyze the dynamics of urban growth and loss of agricultural land indicators. While cities midrange promote the consumption of urban land, there is an opportunity to highlight the wealth and productive value of agricultural land.",Ciudades intermedias; crecimiento extensivo; patrimonio agrícola productivo,html,,https://revistaurbanismo.uchile.cl/index.php/RU/article/view/40050/46761,
17,https://revistaurbanismo.uchile.cl/index.php/RU/article/view/40078,2016,34,Las Caletas de Chile,"Fishing coves in Chile have originated back into even prehistoric times and represent a way of life associated with a family economy passed on from generation to generation. Some of these settlements have a relationship of dependency and conflict with the larger nuclear urban centers. Such is the case of the Coquimbo Bay where San Pedro and Pe&ntilde;uelas, are little settlements in the process of being integrated into the conurbation of La Serena-Coquimbo. Using a socio-spatial analysis, this investigation inquiry into the relationships that the cove communities establish with their inhabited space, identifying the formal and spatial elements that are most valued and appropriated by their inhabitants along with the elements of community identity and their contextual support. It&rsquo;s evident the direct relationship between productive activity and residential space, as a fundamental element in the conservation and identity development of the coast border, in context of vulnerability to natural and human threat.",Caletas urbanas; patrimonio; integración urbana; Coquimbo,html,,https://revistaurbanismo.uchile.cl/index.php/RU/article/view/40078/43592,
18,https://revistaurbanismo.uchile.cl/index.php/RU/article/view/40394,2016,34,Explorando luz solar en modelos de desarrollo inmobiliario. Aplicaciones en cinco ciudades chilenas.,"Explosive growing of building stock in the last years on the Chilean cities has been reflected on skyscrapers real states nodes that burst urban form. Externalities are observed as shadows that impact on thermal and luminous conditions above neighbourhood buildings and urban space. Those buildings have been constructed according to urbanism normative but they affect incident sunlight on facades and ground. Consequently it decreases possibilities to capture and use as clean renewable energy, relevant issue in current context of Net Billing. The objective of the paper is to explore different ways of plot site changing building height but keeping built coefficient in five Chilean cities: Santiago, Valpara&iacute;so, Concepción, Temuco, and Puerto Montt. Methodology consists of computational 3D modelling and energy simulation of spatial configuration. Cities selected are located on waterfront or on central valley in the middle of the Chilean territory in which there are the most urbanized areas with significant real state growing. Results shows higher energy values on facades of spatial configuration with high buildings and lower ones on ground. Thus a discussion is highlighted whether current urban ordinance should promote sunlight capture on private (facades) or public space (ground) or simply both of them.",Luz solar; norma urbanística; inmobiliaria; net billing; forma urbana,html,,https://revistaurbanismo.uchile.cl/index.php/RU/article/view/40394/43882,
19,https://revistaurbanismo.uchile.cl/index.php/RU/article/view/42840,2016,35,Política de Reconstrucción y Desplazamiento,"The 8.8 magnitude earthquake (27F) affected the south central zone of Chile on 27 of February 2010. The Maule Region was one of the most affected and its capital, Talca, suffered the destruction of an important part of its center, which constitutes 20% of its built urban area. Many non-proprietary families lived there with vulnerability conditions. Based on the review of secondary data, official documents and press information, this paper explores how government, private and civil society sectors acted in the face of the problem of non-owner families in the center of Talca. From the analysis, it is argued the lack of ownership, socioeconomic status and the prevalence of female household heads and older adults, were risk factors that made them vulnerable to losing their location. This risk condition was not addressed by public policies, with a lack of territorial perspective and consideration of the right to location. It is concluded that apart from a weak master planning system, the biggest obstacle was the absence of a public policy that would not allow to deal with the effects of the earthquake properly and to include both the needs and expectations of civil society.",Desplazamiento; política de vivienda; reconstrucción,html,,https://revistaurbanismo.uchile.cl/index.php/RU/article/view/42840/46766,
20,https://revistaurbanismo.uchile.cl/index.php/RU/article/view/45131,2017,37,Segregación socio-residencial. Aproximaciones a un sistema de indicadores de medición social territorial,"Social segregation can be understood from different dimensions, being the quantitative focus, one of the challenges still to be applied for the Latin American context. The research provides a set of theoretical-operational approaches for the creation of indicators of residential segregation, linking both territorial and social variables, in order to give a greater representation of the physical space that is studied. For this, a methodology based on the use of twelve indicators is applied which is grouped into three main axioms (proximity and basic services; housing and built space and social; and economic characterization - and its application in the Miraflores Alto, Viña del Mar, Chile. It is analyzed how these territorial and social factors determine different degrees, levels or forms of social segregation. The paper conclude that the application of neighborhood units fragments the territory, in contrast with the presence of primary educational establishments, as key equipment that dialogues and complements with the community.",fragmentación urbana; segregación; sistema de indicadores; unidades vecinales,html,,https://revistaurbanismo.uchile.cl/index.php/RU/article/view/45131/51332,
21,https://revistaurbanismo.uchile.cl/index.php/RU/article/view/47987,2017,37,"Habitar en la quebrada. Resiliencia urbana y lenguaje de patrones en Valparaíso, Chile","Given the complexity of the processes of vernacular urban settlement in Valparaíso, Chile is that it is necessary to develop modes of understanding and analysis of reality that integrate this complexity. In this article, a theoretical-methodological review of two theoretical approaches that allow an approach and understanding to the problem of inhabiting Valparaíso and the formation of urban fabric, its social ties, and characteristic vernacular character is made. On the one hand, the notion of Alexander's language of habitability patterns and on the other, the notion of urban resilience, allowing a more comprehensive study framework that characterizes, describes and understands such complexity. Some studies and their consequent analysis criteria are reviewed that describe the own vernacular habitat in Valparaiso, allowing us an understanding of an integral recognition of their potential as risks, based on their own characteristics and of ravine nature.",asentamiento vernacular; quebrada; resiliencia urbana; Valparaíso,html,,https://revistaurbanismo.uchile.cl/index.php/RU/article/view/47987/51331,
22,https://revistaurbanismo.uchile.cl/index.php/RU/article/view/48216,2018,38,"¿Urbanización fallada? La Falla San Ramón como nuevo escenario de riesgo sísmico y la sostenibilidad de Santiago, Chile","Santiago, capital city of Chile inhabited by ca. 7 million persons (INE, 2018), is located at the foot of the western flank of the main Andes Cordillera, which is one of the most active mountain chains worldwide. The eastern border of the city, located at the piedmont of the mountain front, experienced an accelerated urbanization in the last four decades with respect to the previous four centuries, with subsequent increased risk associated to geological hazards among of them the possibility for crustal earthquakes along the active San Ramon thrust fault system. Here, we explore this new seismic risk scenario by comparing first order urban mapping at different stages of the horizontal expansion of the city, including the location of the geological structure, with urban policies developed since 1960. Our results show that -at present- urbanization reached 55% of the San Ramon fault trace, evidencing that this active geological structure has not been considered in urban regulations developed for the metropolitan region. We conclude the necessity to unravel normative and knowledge gaps in order to relate the natural geological hazard with the urban planning, as an opportunity to progress toward a sustainable development of the mega-city of Santiago.","crecimiento urbano; Falla San Ramón; planificación urbana; riesgo sísmico; Santiago, Chile; sostenibilidad urbana; urbanización fallada",html,,https://revistaurbanismo.uchile.cl/index.php/RU/article/view/48216/62321,
23,https://revistaurbanismo.uchile.cl/index.php/RU/article/view/48666,2018,38,"Neoliberalismo y transformaciones socio-espaciales en caletas urbanas del Área Metropolitana de Concepción. Los casos de Caleta Los Bagres y Caleta Cocholgüe, Tomé","The coves of Chile are coastal settlements focused on small-scale artisanal fishing. Currently, they coexist with larger urbanized systems-mega infrastructures, ports, cities, etc.-which generate tensions and threats to traditional socio-cultural, economic and habitability practices. The article explores these tensions, focusing on the cases of Los Bagres and Cocholgüe in the municipality of Tomé, Metropolitan Area of Concepción. To do this, it proposes to understand the socio-spatial transformation processes of the coves, and their adaptation strategies to the effects of the neoliberal development model. The research methodology is qualitative, based on a combination of social and spatial analysis, incorporating information gathering techniques such as review of bibliographic sources, conducting semi-structured interviews, field survey, and information processing and analysis, based on to the organization of transformation processes and adaptation strategies, which are mapped and schematized. This evolution is organized in phases, accompanied by interpretation maps of urban growth. The results have allowed us to reflect on the fragilities of the creeks on two levels. First, in their internal configuration as places that combine life and work, because when the resource that gave birth to them is reduced, their sustainability is put at risk. Second, in its exposure to processes of invisibility or eradication, which describe the levels of their integration into urban environments. Finally, it has allowed us to reflect on the need to preserve and value their ways of life and the spaces that account for them, as a central part of the identity and sustainability of the coastal urban territories of the country.",caletas urbanas; hábitat urbano; patrimonio pesquero; pesca artesanal,html,,https://revistaurbanismo.uchile.cl/index.php/RU/article/view/48666/52895,
24,https://revistaurbanismo.uchile.cl/index.php/RU/article/view/48702,2018,38,Imaginarios urbanos sobre topofilia y topofobia,"As an element of memory and social capital construction, Infrastructure projects constitutes an exquisite model of sovereignty and integral control of the territory that gets materialised in a social memory, through a cultural landscape. This paper is set to explore, in a qualitative dimension, the development of a local and cultural landscape; the changes that has been produced in the territory as the physical matrix, as well as the memory of the community from the city of La Unión (Chile), after the installation of the Llollelhue hydroelectric plant, also known as La Turbina [the turbine]. The architecture, the building that control the water supply, still remain as an important part of the city landscape, with heritage attributes and current profitable vocation. The methodology uses a multiple-scales approach of landscape and social memory, linked as an element of the sociocultural dimension. The preliminary results point to characterize a matrix of the collaborative dynamics, between landscape and society. Thus, this cultural landscape developed by La Turbina, is defined as a heritage system that conjugates features that go far beyond the limits of a building and they refer an epistemology of territory.",arquitectura de la modernidad; memoria; paisaje cultural; patrimonio y sociedad,html,,https://revistaurbanismo.uchile.cl/index.php/RU/article/view/48702/52914,
25,https://revistaurbanismo.uchile.cl/index.php/RU/article/view/48762,2018,39,Expresión cartográfica y atributos urbanísticos de Valdivia y Nueva Imperial (sur de Chile),"This paper presents a planimetric analysis based on the systematization of documents, cartography and historical information of two southern cities of Chile: Valdivia and Nueva Imperial. From two groups of historical cartography, representative urbanistic elements, urban growth phases, and patterns in the property division were determined for each city. The urban history of those cities is valued individually and jointly, in a broader historical and territorial process. The study distinguishes substantial chronological differences in the political process that originated the two cities. However, both present similarities in its location, scale and the own attributes of the Spanish American checkerboard street plan--active during the Chilean occupation of Araucanía in the late nineteenth century. The projection of the analytical methodology presented seeks its relevance for the study of other cities in southern Chile, valuing the interdisciplinary work on cartographic collections and cartography of cities preserved in diverse local, national and international archives.",Análisis planimétrico; ciudades del siglo XIX; ciudades del sur de Chile; urbanismo hispanoamericano,html,,https://revistaurbanismo.uchile.cl/index.php/RU/article/view/48762/54434,
26,https://revistaurbanismo.uchile.cl/index.php/RU/article/view/48831,2018,38,"Paisajes culturales: la instalación de la central hidroeléctrica Llollelhue, La Turbina, en la ciudad de La Unión","As an element of memory and social capital construction, Infrastructure projects constitutes an exquisite model of sovereignty and integral control of the territory that gets materialised in a social memory, through a cultural landscape. This paper is set to explore, in a qualitative dimension, the development of a local and cultural landscape; the changes that has been produced in the territory as the physical matrix, as well as the memory of the community from the city of La Unión (Chile), after the installation of the Llollelhue hydroelectric plant, also known as La Turbina [the turbine]. The architecture, the building that control the water supply, still remain as an important part of the city landscape, with heritage attributes and current profitable vocation. The methodology uses a multiple-scales approach of landscape and social memory, linked as an element of the sociocultural dimension. The preliminary results point to characterize a matrix of the collaborative dynamics, between landscape and society. Thus, this cultural landscape developed by La Turbina, is defined as a heritage system that conjugates features that go far beyond the limits of a building and they refer an epistemology of territory.",arquitectura de la modernidad; memoria; paisaje cultural; patrimonio y sociedad,html,,https://revistaurbanismo.uchile.cl/index.php/RU/article/view/48831/52919,
27,https://revistaurbanismo.uchile.cl/index.php/RU/article/view/48834,2018,38,Concentración y homogeneidad socioeconómica,"The present article aims to analyze the study of homogeneity and polarization phenomena associated with urban segregation in six Chilean intermediate cities: Iquique - Alto Hospicio, Antofagasta, La Serena - Coquimbo, Rancagua - Machalí, Talca and Temuco - Padre Las Casas. Methodologically, the case study will be approached through the comparison between the cartographic representation of traditional urban segregation (predominant socioeconomic groups) and a proposal of representation of socioeconomic homogeneity based on the standard deviation between the percentages of each group. Among the cross-sectional results of the research, the presence of: 1) socio-economic heterogeneity in urban centers mainly through groups C2 and C3, with presence of ABC1 and D in some particular cases; 2) social homogeneity in urban peripheries, highlighting groups ABC1 and C3 and; 3) location of low socio-economic groups in areas whose geographical barriers limit their access to centrality.",ciudades intermedias; crecimiento urbano; desigualdad urbana; homogeneidad social; segregación residencial,html,,https://revistaurbanismo.uchile.cl/index.php/RU/article/view/48834/53108,
28,https://revistaurbanismo.uchile.cl/index.php/RU/article/view/50434,2018,38,La máquina de crecimiento en una ciudad minera y el papel del espacio público,"Chile's export boom has transformed northern cities, generating rapid urban growth, changing structures and promoting emblematic projects, including public spaces such as Kaukari Park in Copiapó. This responds to some shortcomings of the city, as the deficiency of public spaces in terms of quantity and quality, but it is also an expression of a logic of urban growth, intrinsically linked to the reproduction of capital and to financial liquidity. In this sense, it is that the present work aims to recover the conceptual proposal of the ""growth machine"", questioning its applicability to the case of mining cities, under the influence of an export boom. It does so by discussing the conceptual link between the momentum generated by the mining boom, the materialization of liquidity in real estate investment and the construction of public spaces. To illustrate this reflection, an exploratory analysis of the spatial-temporal distribution of building permits in Copiapó, and of certain elements of the discourse on public space projects, particularly Kaukari Park, is presented. The results illustrate how the discourses on this particular park are articulated with a premise of growth and it shows the orientation of building permits submitted by companies and specifically the real estate sector towards large infrastructure projects. It can be assumed that this produces economic benefits for certain agents, but a new centrality is also being",espacio público; inversión inmobiliaria; máquina de crecimiento,html,,https://revistaurbanismo.uchile.cl/index.php/RU/article/view/50434/52950,
29,https://revistaurbanismo.uchile.cl/index.php/RU/article/view/50800,2018,39,Hacia la utopía concreta,"This article introduces the method of the concrete utopia for exploring feasible alternatives to transform the port of Antofagasta. This urban infrastructure has been criticized because a series of socio-spatial problems related to its productive activities, especially regarding the storage of toxic materials near the downtown. Based on a series of documented experiences that has tried to transform the relationship between this port and the city, this article explores how these ideas may be reconsidered in the current context. Thus, on one hand, the article valorizes the concrete utopia for developing urban design proposals and on the other hand it discusses the critical role of Antofagasta’s port within the urban tissue, aiming to provide arguments for debating about its future.",Antofagasta; ciudad puerto; contaminación; diseño urbano; utopía concreta,html,,https://revistaurbanismo.uchile.cl/index.php/RU/article/view/50800/54568,
30,https://revistaurbanismo.uchile.cl/index.php/RU/article/view/51539,2019,40,El comportamiento infraestructural: prácticas relacionales en torno a la materia urbana,"Considering the relational effect of the methods with which we gather information about what surrounds us, the article explores how from the capture and representation data referring to the materiality of buildings in Chile, a distributive behavior is drawn that is also a way of different disposition to the one that develops around the architectural typologies and the types of cities. The instruments and observed data help, insofar as they record the reference of the buildings without considering their final form or function, they allow the observation of a properly infrastructural quality of the subject.",Edificación; infraestructura; materialidad; objetos de frontera; prácticas de cooperación,html,,https://revistaurbanismo.uchile.cl/index.php/RU/article/view/51539/56358,
31,https://revistaurbanismo.uchile.cl/index.php/RU/article/view/51938,2019,40,"Percepciones de satisfacción, apropiación y mantenimiento de los conjuntos habitacionales del Estado: el caso de la Villa General Bernales de la comuna de Puente Alto","The social housing policy in Chile, for decades has had users with negative neighborhood satisfaction and appropriation perceptions, added to neighborhoods that in their physical component have deteriorated over the years. This situation has brought different modifications to the housing policy since 2001. In this context, the aim was to explore the perceptions of satisfaction and forms of appropriation of users in their neighborhoods, by using a case of the current housing policy, and also to analyze the physical situation of the built environment. The case study is a previous local committee and currently a housing area called Villa General Bernales, whith people who lived in the Peñoncito slum in the Puente Alto district, and they moved to this new neighborhood in February 2016. The methodology includes qualitative methods, where a process of participant observation and a series of in-depth interviews were carried out. Some of the main results show a high level of satisfaction and neighborhood appropriation from the neighbors, and a neighborhood that has been maintained over time.",Apropiación barrial; manutención de conjuntos; participación; política habitacional; satisfacción,html,,https://revistaurbanismo.uchile.cl/index.php/RU/article/view/51938/56378,
32,https://revistaurbanismo.uchile.cl/index.php/RU/article/view/52227,2019,40,"Participación ciudadana y movilidad sostenible: el caso del área metropolitana de Concepción, Chile","Urban growth places mobility as a multifactor problem and complex to solve. Among its less weighted aspects is the subjectivity of the phenomenon, specifically how people perceive their mobility and how participatory they can affect the definition of the city and transport planning. In this problematizing context emerges the study ""Formulation of a Sustainable Mobility Plan for the Metropolitan Area of Concepción"", applied in the Biobío Region, Chile, and based on a citizen participation approach. Among its most outstanding findings is the role of the emotions of individuals, specifically what refers to the fear and insecurity that condition their movement through the city, beyond the situation of transport and infrastructure that it has. The foregoing would invite to rethink the meaning of the current plans and policies of urban planning, in order to specify a sustainable model of mobility.",Área Metropolitana; movilidad sostenible; participación ciudadana,html,,https://revistaurbanismo.uchile.cl/index.php/RU/article/view/52227/56357,
33,https://revistaurbanismo.uchile.cl/index.php/RU/article/view/52368,2019,41,Claves en la formación del discurso de Inclusividad en la Arquitectura Chilena: 1960 - 2016,"The concept of inclusive design has irrupted in the local discourse developed within the Chilean cultural context. It has gained presence in the field of education, the development of public policies and other more hierarchic legislative regulations. Regarding of architecture, a relative evolution on this matter has been observed in the incorporation of the Universal Accessibility Ordinance. However, it is yet unknown how inclusive design has been part of the discipline’s discourse and has therefore guided its practice in terms of design and construction. Hence, our research seeks to untangle the driving principles of the local architecture discourse and describe if there is compatibility with a canon of inclusive design, developed within the period between 1960 and 2016. Accordingly, our main source of data comes from the analysis of selected architecture journals and interviews to understand the concept’s state-of-the-art development. The results show a general absence of this concept in the local architecture discourse. However, we offer a series of reflections and criteria to overcome this situation, mainly regarding the need to develop a new epistemological stance in architecture that requires interdisciplinary approach.",Arquitectura chilena; ciudad chilena; inclusividad,html,,https://revistaurbanismo.uchile.cl/index.php/RU/article/view/52368/58766,
34,https://revistaurbanismo.uchile.cl/index.php/RU/article/view/52652,2019,41,Urbanismo en la Universidad de Chile desde 1928: iniciativa e impronta de Alberto Schade,"The establishment by Schade of the first course of Urbanism at the School of Architecture of the University of Chile in 1928, whose program is unknown, motivated this approach to its possible contents and emphasis. The objective of this study is to support the current assumption about the contents of Schade’s course, as well as to support an extension of the hypothesis about them. It is argued that the formation of Schade in Chile in the first decade of the 20th century, added to the contributions of the Chilean pre-urbanists, would have allowed him to insert himself positively in the European environment between 1911 and 1914, realizing an improvement in architecture and the science of construction, and participating in the intellectual effervescence generated after the recent creation of the term “Urbanism” in England (1910), the «French Society of Urbanist Architects» (1911), and the first “Urbanism Course” in Vienna (1911) . To this experience, upon his return to Chile, progress was made in terms of urban legislation, the initiative to carry out an improvement in Urbanism teaching at the Postgraduate level, and the contributions to knowledge about infrastructures for hygiene in architecture and cities. Things that triggered the will of Schade to establish a course on Urban Planning at the Undergraduate level at the University of Chile. This research starts seeking the background in the formation of Schade in Chile, in the movement for the modernization of education in the country, and in the contributions of pre-urbanists, all of which would have influenced their interest Initial in urban problems; then the research is focused in the Parisian context of his stay in Europe, when, in addition, he met some of the most developed European cities, and certain social movements, and novel approaches for the benefit of urban quality of life. Finally, we tried to place Schade in the Chilean reality between 1914, when he returned to the country, and 1931, when he finished his teaching work. It concludes about the opportunity of the creation of the Schade course in 1928, and about the diversity of contents and emphasis that his teaching in Urban Planning may have had, beyond the background disseminated so far.",Alberto Schade; Haussmann; Hénard; Rodulfo Oyarzún; Santiago de Chile; Sitte; Stübben; urbanismo,html,,https://revistaurbanismo.uchile.cl/index.php/RU/article/view/52652/58765,
35,https://revistaurbanismo.uchile.cl/index.php/RU/article/view/52862,2019,41,"Densidad urbana, forma y sociabilidad en la ciudad neoliberal: el caso del barrio Santa Isabel en Santiago de Chile","Since the 1990s, the Santa Isabel neighborhood in Santiago, Chile, has undergone a radical process of urban growth and densification which can be associated with the neoliberal turn that characterized public policies and urban growth since the 1980s. This global process of ""urban neoliberalism"" is characterized by the relevance that the private sector acquires in urban development of the cities, maximizing profitability over other considerations. The following article seeks to study the consequences of this type of neoliberal urban development in urban morphology on a neighborhood scale, as well as in the way in which the inhabitants relate to each other and with their territory. Through a multi-methodological approach, integrating census data, urban morphology indicators, survey results, field observations and in-depth interviews, it seeks to understand how this type of urban development that encourages the maximization of profits by private parties, affects the public dimension of urban space. It is identified that the characteristics of the built environment, added to its new sociodemographic composition, inhibit the use of the neighborhood, neighborhood sociability and the permanence of its inhabitants, contributing to generate a transitory neighborhood, which is transforming the own condition of the city.",Entorno construido; neoliberalismo urbano; sociabilidad barrial,html,,https://revistaurbanismo.uchile.cl/index.php/RU/article/view/52862/58767,
36,https://revistaurbanismo.uchile.cl/index.php/RU/article/view/53926,2019,41,Procesos de reestructuración y verticalización en el centro de Concepción: Barrio Condell,"The building in height implies a new form of construction, land use and occupation type, constituting itself as urban analysis units that affect the urban fabric and the actors present in it. This research seeks to understand the morphological transformations caused by verticalization processes and the effects on the ways of inhabiting residents of the urban center of Concepción. Therefore, based on the case study of the Condell neighborhood, the use of residential land in height is analyzed by planimetric surveys and semi-structured interviews of residents according to the year of arrival in the neighborhood. The results show that the appearance of the building in height in the urban fabric implies a type of occupation and land use that substantially alters the urban landscape and the ways of living, placing everyday mobility as a key aspect. The research allows to open veins for specialized studies that contribute to the reorientation of planning and Territorial Planning Instruments (IPT) in intermediate cities.",Ciudad neoliberal; formas de habitar; reestructuración urbana; verticalización,html,,https://revistaurbanismo.uchile.cl/index.php/RU/article/view/53926/58768,
37,https://revistaurbanismo.uchile.cl/index.php/RU/article/view/54281,2020,42,¿Gentrificación comercial en contexto de superdiversidad? La transformación del comercio local en el centro y pericentro de Santiago de Chile,"This research focuses on the material transformations of the local street shops in Santiago de Chile downtown and pericenter. Its focus is on the joint process of commercial gentrification and super-diversity, which can configure the specific geography of the transformation that gentrification is producing in Santiago. Two analytical tools are used: firstly, a Gentrification Potential Indicator for selecting the areas with the highest gentrification potential. Subsequently, a visual analysis allows us to understand the recent transformations of local street shops. Six trends that have been transforming local street shops were identified. These changes express the joint effect of commercial gentrification and super-diversity and show the particular character of the urban transformation that Santiago is undergoing and provide a different perspective for the study of gentrification in Santiago.",Gentrificación; gentrificación comercial; migración; superdiversidad; transformación urbana,html,,https://revistaurbanismo.uchile.cl/index.php/RU/article/view/54281/61228,https://revistaurbanismo.uchile.cl/index.php/RU/article/view/54281/61722
38,https://revistaurbanismo.uchile.cl/index.php/RU/article/view/55710,2020,42,Los planos de colonización de Cautín y Malleco (1916-1917): expresión de la morfología de la Araucanía,"The following work explores and highlights the significance of the cadastral colonization maps made in 1916 and 1917 for two provinces of Chile: Cautín and Malleco, respectively. These maps were the result of colonization planning initiated by the State of Chile during the second half of the nineteenth century, an exercise which sought to bring the two territories under national control. The maps are highly detailed and contain a substantial amount of data, and we propose that they offer considerable insight into the colonization process. We also posit that, although the area covered is extensive, a study of the two maps together would allow us to interpret the physical and spatial nature of the territorial interventions envisaged by the State and, in particular, offer insights into the intended north-south spatial structure of the region. Our methodological approach focuses on the morphology of the maps and involves a study of their drawn components, identification of any repeated configurations, tracing work, and examination of spatial relationships between components. A number of other documents and bibliographic references were also studied.",Araucanía; cartografía; colonización; morfología,html,,https://revistaurbanismo.uchile.cl/index.php/RU/article/view/55710/61716,https://revistaurbanismo.uchile.cl/index.php/RU/article/view/55710/61727
39,https://revistaurbanismo.uchile.cl/index.php/RU/article/view/56342,2020,43,"El rol del espacio público en el desarrollo urbano resiliente desde una perspectiva de la niñez: el caso de los cerros de Valparaíso, Chile","Public space plays an essential role in resilient urban development. The open space it provides and the ability to accommodate the population are two of their most crucial characteristics in this respect. Despite the preceding, public space and its functionality amid socio-natural disasters are usually not considered in risk planning and management. The child population, certainly among the most vulnerable, is equally invisible amid mitigation measures and post- catastrophe reconstruction. Thus, this article seeks to advance the understanding of children's perceptions of public space, focusing on the role it could play in resilient urban development. To this end, a comparative approach was used, based on three public areas located in the hills of the city of Valparaíso, a territory characterized by its vulnerability to urban fires and earthquakes. The methodology consisted of focus groups activities besides using creative, art-based methods to engage children in participatory workshops. Finally, the results show that in those public spaces where participatory design methodologies were used, children are more likely to understand them as shelters from socio-natural disasters.",Desarrollo urbano resiliente; desastres socio-naturales; espacio público; niñez; territorios vulnerables,html,,https://revistaurbanismo.uchile.cl/index.php/RU/article/view/56342/64152,https://revistaurbanismo.uchile.cl/index.php/RU/article/view/56342/64642
40,https://revistaurbanismo.uchile.cl/index.php/RU/article/view/57001,2020,43,"Una transformación urbana en la costa del Desierto de Atacama desde 1929: derivaciones de las visitas del presidente Carlos Ibáñez y los urbanistas Karl Brunner y Luis Muñoz Maluschka a Tocopilla, Chile","From a historical and anthropological methodology, the impact of President Carlos Ibáñez visit to Tocopilla in 1929 is described, contextualized and analyzed, followed by the visit of urban planners Karl Brunner and Luis Muñoz Maluschka. It is proposed that these visits were part of the inauguration of the modernization of the State and the restructuring of the public administration in an authoritarian context, a scenario that provided professionals with a prominent space for participation that led to projects of expansion and reorganizing projection of the cities through scientific rationality, as happened in Tocopilla, where, as a result of Ibáñez's visit, in addition to the development of the Guggenheim system, which meant an important contribution to the fiscal coffers, it was possible to manage the financing that he was looking for to project and restructure a city that experienced the urban and material asymmetries derived from mining capitalism. The projections of Brunner and Muñoz in Tocopilla were an innovative and unprecedented process, inaugurating a scientific planning that combined state policy, local policy, administrative restructuring (creation of the Municipal Directorate of Works) and the participation of prominent professionals who marked an organizational mark of the territory that impacts to the present.",Modernización; plan de ensanche; Tocopilla; urbanismo científico; visita presidencial,html,,https://revistaurbanismo.uchile.cl/index.php/RU/article/view/57001/64155,https://revistaurbanismo.uchile.cl/index.php/RU/article/view/57001/64645
41,https://revistaurbanismo.uchile.cl/index.php/RU/article/view/57090,2020,43,"Movilidad urbana y personas mayores en Santiago de Chile: el valor de integrar métodos de análisis, un estudio en el barrio San Eugenio","Demographic changes in Latin America, and especially in Chile, indicate that the population is becoming older: already in 2050, one out of four Latin Americans and one out of three Chileans will be older than 60. Among the elements that contribute to the wellbeing of the elderlies, mobility and accessibility play a fundamental role. Priorities set out for mobility planning and politics should reflect these aspects. Nonetheless, the traditional methods of transport planning in Chile are not able to adequately grasp the forms in which elderlies move and access urban opportunities. We discuss the value of integrating different methods of analysis to better represent the mobility of elderlies. Examining the mobility and accessibility behaviour of seniors in the neighbourhood of San Eugenio, in Santiago de Chile, the paper compares the results of interviews and household travel surveys, observing to what extent these contribute to the description of mobility and accessibility for the examined population. The results show the relevance of qualitative approaches that, at the neighbourhood scale, examine elderlies, considering that these methods detect mobility practices and accessibility patterns difficult to observe with more aggregate forms of analysis. The approach to elderly mobility allowed by qualitative tools allows considering the conditions for their adoption when planning mobility at neighbourhood and municipal scale.",Accesibilidad; movilidad cotidiana; personas mayores; planificación del transporte.,html,,https://revistaurbanismo.uchile.cl/index.php/RU/article/view/57090/64146,https://revistaurbanismo.uchile.cl/index.php/RU/article/view/57090/64636
42,https://revistaurbanismo.uchile.cl/index.php/RU/article/view/57095,2020,43,"Viajeros interurbanos en un contexto patrimonial ferroviario: evaluación cuantitativa del servicio Regional Victoria - Temuco, Chile","In epistemological terms, the railway is considered as a study object that allows multiple observations. On the one hand, its exclusive role is transporting, but on the other hand, its symbolic and material value for the inhabitants of urban and rural areas of the territories. This study analyzes the railway service valuation by its users regarding its significance in their daily activities. Using a quantitative methodological approach, railway passengers were contacted (n=224) to analyze their assessment using variables, such as railway operation, the reason for using the service, and valuation characteristics. Among the findings, analyzed based on particular variables, there is a distinct positive assessment of the service efficacy, the need to widen the services offered, and a close bond between the railway and local culture and family history. This is one of the factors affecting this choice of transportation from others.",Patrimonio ferroviario; transporte; viaje interurbano,html,,https://revistaurbanismo.uchile.cl/index.php/RU/article/view/57095/64148,https://revistaurbanismo.uchile.cl/index.php/RU/article/view/57095/65370
43,https://revistaurbanismo.uchile.cl/index.php/RU/article/view/57766,2020,43,"Urbanización neoliberal, tensiones y expectativas morales en la defensa del patrimonio: el caso del barrio Victoria, Santiago","The past three decades have seen the emergence of various conflicts against neoliberal urbanization processes, including disputes associated with the protection of heritage. The growing literature in this area has pointed out the disclosure of a form of democratic participation developed by the communities in defense of their neighborhood, which opposes the commercial logic that guides the evolution of our cities. In this article, we will discuss this argument through the analysis of the patrimonialization process of Victoria neighborhood in Santiago of Chile, a historical urban zone that articulates a residential identity with a commercial one, linked to leather crafting and footwear. Through an empirical analysis based on life story interviews with former residents and tenants, we will show that, behind neighborhood defense discourses, there are different expectations regarding how the city should be, namely, who could inhabit it and how they should do it. In some cases, these expectations entail the exclusion of actors from the definition of community and, in others, contribute to amplify the conflict. In this way, we intend to contribute to the literature that evaluates the democratic potential of conflicts linked to the defense of heritage.",Barrio Victoria; expectativas morales; patrimonio cultural inmaterial; urbanización neoliberal.,html,,https://revistaurbanismo.uchile.cl/index.php/RU/article/view/57766/64147,https://revistaurbanismo.uchile.cl/index.php/RU/article/view/57766/64637
44,https://revistaurbanismo.uchile.cl/index.php/RU/article/view/57868,2020,43,Resiliencia urbana frente a inundaciones fluviales en Chile: experiencias de San Fernando y Los Ángeles,"Understanding the attributes of the subsystems that make up the city and their potential in increasing resilience capacities is crucial for urban planning in areas exposed to natural hazards. Specifically, this article focuses on intermediate cities that are periodically affected by river floods in the central valley of Chile. In this regard, international experiences show that similar phenomena have a known rate of return and planned populated centres can take measures to adapt their urban system and live with them instead of just resisting them. However, little is known about the potential capabilities of critical equipment and its role as a recovery engine in emergency scenarios. To demonstrate this, this study examined the relationship between critical facilities and the use of open spaces with free access in the city, as attributes to increase urban resilience capacities against installed river floods, through two case studies: San Fernando and Los Angeles in Chile. The above, measured through an evaluation model designed by the authors. Consequently, the results obtained show that the location and coverage of these elements is essential to increase resilience.",Equipamiento crítico; inundaciones fluviales; resiliencia,html,,https://revistaurbanismo.uchile.cl/index.php/RU/article/view/57868/64153,https://revistaurbanismo.uchile.cl/index.php/RU/article/view/57868/64643
45,https://revistaurbanismo.uchile.cl/index.php/RU/article/view/54756,2021,44,Evaluación de la sostenibilidad de forma urbana en conjuntos de Vivienda social: dos casos en el sur de Chile,"Desde hace algunas décadas, la comprensión del uso de la tierra con servicios integrados y grupos socialmente mixtos se considera vital para soportar la naturaleza y las sociedades en armonía. Este artículo promueve la inclusión en la planificación de barrios, fomentando principios de forma urbana, hacia una calidad de vida sostenible. En Chile, con la creación del SERVIU, el sinhogarismo se resolvió mediante un abordaje cuantitativo de los programas de vivienda, promoviendo un proceso de expansión urbana rápida y exclusiva, generando segregación social y una sobre concentración de condiciones de vida precarias. Por el contrario, en 1960 el enfoque de la planificación se orientó hacia la planificación de barrios sostenibles bajo los programas CORVI, reconociendo principios morfológicos fundamentales. El objetivo de este artículo es explorar las condiciones espaciales y la calidad de vida en los barrios de los programas SERVIU y CORVI, mediante la evaluación de elementos de forma urbana. Los elementos por explorar son: accesibilidad a los servicios, comercio y recreación; vitalidad de los nodos sociales y comerciales; y diversidad en el uso del suelo y tipología de vivienda. Analizando casos de Reina Sofía Valdivia y Rahue Bajo 2 Osorno, evaluados a través de métodos de People Following (Talen, 2011), Gates and Snapshot (Vaughan, 2001) y Simpsons Diversity Index. Los resultados muestran que los programas CORVI incluyen morfología sostenible en su forma urbana, que inciden positivamente en la calidad de vida, a diferencia de los programas SERVIU.",CORVI; Calidad de vida del barrio; forma urbana; planificación local; vivienda social sostenible,html,,https://revistaurbanismo.uchile.cl/index.php/RU/article/view/54756/67468,https://revistaurbanismo.uchile.cl/index.php/RU/article/view/54756/67971
46,https://revistaurbanismo.uchile.cl/index.php/RU/article/view/55948,2021,44,"Desde la segregación a la exclusión residencial ¿Dónde están los nuevos hogares pobres (2000- 2017) de la ciudad de Santiago, Chile?","The subsidized social housing policy, widely applied during the 1990s in Santiago de Chile, formed a highly segregated popular periphery. Since 2000, the application of this instrument has decreased, which is interpreted as a movement of expulsion from social housing to the peri-urban area of the city. In this framework, this work analyzes the location of social housing built between 2000 and 2017 in the Metropolitan Region of Santiago, to identify patterns of expulsion, displacement, and / or segregation of the beneficiaries of this policy. Through a mixed strategy that combined analysis of secondary information, photointerpretation of satellite images, and interviews with the director of municipal works of peri-urban distrits, we conclude that: 1) there is no evidence of a process of massive displacement of households in social housing towards the peri-urban of the city after the 1990s, and 2) the production of social housing, both in the city of Santiago and in its peri-urban, is lower than the new housing requirements, increasing the housing deficit. It is concluded that the current scenario is one of exclusion of the new poor households from the Santiago housing market, rather than of displacement or increase in residential segregation.",Desigualdades territoriales; exclusión social; pobreza urbana; política de vivienda; segregación residencial,html,,https://revistaurbanismo.uchile.cl/index.php/RU/article/view/55948/67431,https://revistaurbanismo.uchile.cl/index.php/RU/article/view/55948/67965
47,https://revistaurbanismo.uchile.cl/index.php/RU/article/view/61157,2021,45,Modos de habitar periurbano en Santiago de Chile: megaproyectos residenciales cerrados y transformaciones en la vida cotidiana,"Santiago de Chile has experienced processes of urban expansion characterized by the proliferation of closed residential spaces in its metropolitan periphery. These mega real estate projects encompass large areas of land and urban-scale facilities, a new housing typology that aspires to be a city in itself. Despite the abundant literature in Latin America, in Chile there is little research that explores —from the voice of its own inhabitants— the relationship between this peri-urban residential product and the ways of living of its residents. Through an ethnographic approach based on participant observation sessions and semi-structured interviews, four dimensions are evidenced in which a group of residents has seen their ways of living transformed after arriving in a closed residential space on the metropolitan periphery of Santiago: 1) daily mobility; 2) sociability; 3) daily activities and access to services; 4) neighborhood coexistence and structuring of living. The classic visions of fear of crime and social distinction as engines of residential enclosure are stressed and it is concluded around the growing weight that real estate holdings acquire in the configuration of the peripheries and their modeling effects on the ways of inhabiting contemporary metropolises.",área metropolitana; modos de habitas; periurbanización; Santiago de Chile; urbanizaciones cerradas,html,,https://revistaurbanismo.uchile.cl/index.php/RU/article/view/61157/69100,https://revistaurbanismo.uchile.cl/index.php/RU/article/view/61157/70114
48,https://revistaurbanismo.uchile.cl/index.php/RU/article/view/61324,2021,45,"Configuración urbana favorable a la contaminación a nivel de suelo. Análisis del probable caso de los nuevos edificios en altura de la comuna de Estación Central, Chile","Between 2013 and 2018, building permits were granted to 80 towers of more than 20 floors in the district of Estación Central, in Santiago de Chile. This complex occupies 23.6 hectares and causes, to the south of them, a permanent shadow cone of 8,615,195.70 m3 at solar noon on June 22. As the concentration of polluting gases increases with cold, humidity and poor air circulation, the objective of this work was to know if urban conditions meet in this shadow cone to cause an increase in said concentration at ground level. For this, the shadow cone of the buildings, their continuity and distance relationships, the ventilation conditions, the presence of vegetation and the automotive fleet were studied in detail. A quantitative method was applied that combined observation and verification in the field; graphic and statistical analysis of existing documents and the elaboration of a three-dimensional model of the fragment under study. The research demonstrated the strong increase in shade, the decrease in tree vegetation and the increase in the automobile fleet in the commune. In addition, the existence of conditions that could be causing a decrease in air circulation in the shadow cone and an unfavorable orientation of the prevailing winds was verified.",cañón urbano; cono de sombra; contaminantes urbanos; edificación en altura; fragmento urbano; inversión térmica; parque automotriz; vegetación,html,,https://revistaurbanismo.uchile.cl/index.php/RU/article/view/61324/69077,https://revistaurbanismo.uchile.cl/index.php/RU/article/view/61324/70111
49,https://revistaurbanismo.uchile.cl/index.php/RU/article/view/61402,2021,45,Análisis de los criterios para definir áreas de integración urbana en Chile,"In Chile, different government and public actors have proposed several conditions that urban areas must fulfill to be destination of regulatory incentives for socially integrated housing projects. In this work, based on the state of the art of transport geography and accessibility, we critically analyze those proposed principles. Based on the simulation of these criteria in Santiago de Chile using open data and GIS tools, we evaluate whether these inputs are enough to ensure adequate accessibility to public transport and urban opportunities, in addition to satisfy an adequate load capacity for densification. The results show that the criteria analyzed consider accessibility to public transport and urban opportunities as exclusive dimensions and only from the territorial proximity or walking distance perspective. Moreover, the proposed standards do not adequately contemplate load capacity, considering only areas of influence and ignoring the public transport capacity. Based on this analysis, we make proposals and suggest guidelines that should be considered when defining areas for densification with social housing quotas.",accesibilidad; Chile; integración social; territorio; transporte público,html,,https://revistaurbanismo.uchile.cl/index.php/RU/article/view/61402/69103,https://revistaurbanismo.uchile.cl/index.php/RU/article/view/61402/70121
50,https://revistaurbanismo.uchile.cl/index.php/RU/article/view/61159,2022,46,Potenciales implicaciones en la aplicación metodológica del Design Thinking en procesos de diseño urbano. Análisis desde la experiencia del diseñador,"la metodología de Design Thinking en procesos de diseño urbano, como una herramienta procedimental útil para orientarlos de manera situada en el territorio y de forma innovadora frente a desafíos complejos, y que permite el aprendizaje durante el proceso mediante la acción reflexiva. El estudio se basa en el análisis de la experiencia de diseñadores y académicos involucrados en proyectos desarrollados en el marco del Magíster en Diseño de Ciudades Integradas (MDCI) de la Universidad Viña del Mar, Chile (2019-2020), quienes implementaron la metodología bajo la hipótesis de que esta es una herramienta innovadora en tres aspectos: la empatización, la iteración y la escalabilidad. La metodología de investigación es cualitativa del tipo fenomenológica, analiza las experiencias comunes y distintas de los profesionales. Estas se evaluaron mediante entrevistas grupales. El análisis de los datos se desplegó a través de métodos de codificación basados en la teoría fundamentada (Grounded Theory), identificando experiencias relevantes para el proceso de diseño urbano que promuevan la capacidad de innovación en proyectos de este tipo. Se identificaron nueve dimensiones de innovación relevantes, en tanto el Design Thinking 1) se enfoca en el proceso mismo y no necesariamente en el proyecto final, promoviendo el conocimiento situado mediante la experimentación basada en artefactos y experiencias; 2) origina interrogaciones constantes y el aprendizaje durante el proceso de iteración, situando al diseñador como un facilitador; 3) impulsa formas de gobernanza local para un problema específico, incorporando diversos enfoques experienciales a la hora de abordar el problema urbano.",Design Thinking; diseño urbano; innovación; metodología; teoría fundamentada,html,,https://revistaurbanismo.uchile.cl/index.php/RU/article/view/61159/70663,https://revistaurbanismo.uchile.cl/index.php/RU/article/view/61159/74721
51,https://revistaurbanismo.uchile.cl/index.php/RU/article/view/61468,2022,46,"Espacios urbanos de bordes intercomunales, ¿áreas de integración o desintegración metropolitana? El caso de la ciudad de Santiago de Chile","La ciudad de Santiago está compuesta por una mixtura de comunas. A través de una relectura de los conceptos de borde y distrito que Kevin Lynch describe en su ya clásico texto La imagen de la ciudad (1960), se indaga sobre los bordes intercomunales formales de los territorios comunales, con el fin de identificar sus principales características y averiguar cómo la espacialidad urbana (forma) puede modelar procesos sociales al interior de una metrópolis como Santiago de Chile. Para esto se utiliza información cuantitativa que permite caracterizar, desde el punto de vista socioeconómico, los límites intercomunales, contrastándolos con información cualitativa acerca de la percepción que poseen los habitantes sobre estos mismos límites. A partir del cruce de información, se identificaron desde bordes rígidos, precisos y elevados, hasta suaves, irregulares y bajos, los cuales podrían influir en fenómenos de fragmentación urbana, inequidad territorial y exclusión social. Indagar en estos espacios de bordes comunales permitió evaluar su aporte u obstrucción en el imaginario de lograr ciudades más integradas y equitativas.",Diseño urbano; equidad territorial; fragmentación socioterritorial; integración social,html,,https://revistaurbanismo.uchile.cl/index.php/RU/article/view/61468/70665,https://revistaurbanismo.uchile.cl/index.php/RU/article/view/61468/74723
52,https://revistaurbanismo.uchile.cl/index.php/RU/article/view/64872,2022,46,"Movilidad peatonal en Temuco, Chile: contribución de densidad y factores sociodemográficos","Caminar es el modo de desplazamiento más sostenible y apropiado en tiempos de pospandemia, especialmente, en las ciudades de tamaño medio. Sin embargo, la movilidad peatonal se ha reducido significativamente durante las últimas décadas en Temuco, Chile. A este respecto, el estudio tiene como objetivo examinar la contribución de factores sociodemográficos, de entorno familiar activo, de densidad de población y de la densidad residencial en la merma observada. Los factores mencionados se examinan en función del propósito que motiva los viajes a pie, aspecto que ha sido destacado en investigaciones anteriores que han abordado el tema. El estudio utilizó los resultados de la Encuesta Origen Destino 2013 (Secretaría de Planificación del Transporte [Sectra], 2014), en Temuco, relacionando datos con su localización a través de un Sistema de Información Geográfica (SIG). El análisis de las variables arrojó como resultado la correlación entre mayor movilidad peatonal y familias de bajos ingresos. En esa línea, se encontraron asociaciones entre una mayor movilidad peatonal y factores sociodemográficos, como la edad, género, disponibilidad de licencia de conducir y posesión de vehículos en el hogar, entre otros. Además, se hallaron igualmente relaciones con un entorno familiar activo y con la densidad residencial. Estos hallazgos pueden aportar contenidos a la actual discusión en política urbana, en especial, al identificar la conjugación de factores que inciden con mayor peso en el incremento de la caminata como forma de desplazamiento en la ciudad.",Ciudad sostenible; densidad residencial; entorno familiar activo; movilidad peatonal,html,,https://revistaurbanismo.uchile.cl/index.php/RU/article/view/64872/70662,https://revistaurbanismo.uchile.cl/index.php/RU/article/view/64872/74720
53,https://revistaurbanismo.uchile.cl/index.php/RU/article/view/68011,2023,48,Dinámicas de estratificación socioespacial en ciudades del norte y sur de Chile,"El análisis de la concentración de clases sociales en las ciudades ha estado vinculado tanto a los índices de segregación residencial, como a la discusión sobre los procesos de integración social de personas con distintas características. Sin embargo, esta forma de problematizar las desigualdades sociales esconde tres inconvenientes: primero, se asume que las diferencias importantes están marcadas por la posesión de bienes materiales, razón por la cual este tipo de variables son las más utilizadas para estudiar las desigualdades espaciales; en segundo lugar, se ignora el debate sobre los mecanismos de valor social que la ocupación desempeñada en el mercado laboral tiene para la atribución de bienestar social, material y simbólico en las sociedades contemporáneas; y, por último, no se contempla relacionalmente el análisis de otras dimensiones que condicionan la desigualdad, como el origen étnico y nacional. Considerando los modelos que observan los sistemas sociales de clase, el presente trabajo tiene por objetivo analizar las dinámicas de estratificación socioespacial de dos conurbaciones chilenas durante el período 2002-2017: Iquique-Alto Hospicio y Temuco-Padre Las Casas. A partir de un indicador de clase social y su relación estadística con el origen étnico y nacional, se describe la estructura socioespacial de ambos espacios. Los resultados indican que, si bien en ambas conurbaciones el origen étnico y nacional se relaciona con la condición de clase de un espacio determinado, en Temuco y Padre Las Casas esto es más severo. Estos resultados abren el debate respecto de las tensiones sociales en ciudades chilenas.",Clases sociales; etnia; nacionalidad; estrucura socioespacial; ciudad media,html,,https://revistaurbanismo.uchile.cl/index.php/RU/article/view/68011/73377,https://revistaurbanismo.uchile.cl/index.php/RU/article/view/68011/74709
54,https://revistaurbanismo.uchile.cl/index.php/RU/article/view/68121,2023,48,Barrios verticales en Santiago de Chile: nuevas formas de sociabilidad vecinal y familiaridad pública,"En las últimas dos décadas, Santiago de Chile ha experimentado un importante proceso de verticalización, promovido por la financiarización en un contexto de neoliberalismo urbano, que ha transformado radicalmente el entorno construido en las áreas centrales, la composición sociodemográfica, así como las prácticas e interacciones sociales de sus habitantes. Si bien la literatura reconoce una baja sociabilidad local en barrios de densificación intensiva por edificación en altura, este trabajo propone considerar la importancia de los encuentros cotidianos en el espacio público y la emergencia de vínculos eventuales en las prácticas habituales, ampliando así la noción de sociabilidad local. Se analizaron tres barrios verticales en Santiago de Chile, a través de datos secundarios del entorno, así como datos primarios, recolectados mediante encuestas, focus group y entrevistas de redes. Los resultados indican que, si bien la densificación por edificación en altura inhibe la interacción social a escala del edificio y deteriora la formación de vínculos fuertes a escala barrial, en algunos casos, el uso cotidiano del espacio público y del comercio local, así como la organización vecinal, favorecen el surgimiento de vínculos de familiaridad pública, transformando la idea tradicional de comunidad barrial. A partir de estos resultados, se busca discutir sobre los impactos sociales de los procesos de densificación por verticalización, en relación con las prácticas cotidianas en la formación de comunidades.",Barrio; densificación; familiaridad pública; sociabilidad urbana; verticalización,html,,https://revistaurbanismo.uchile.cl/index.php/RU/article/view/68121/73373,https://revistaurbanismo.uchile.cl/index.php/RU/article/view/68121/74705
55,https://revistaurbanismo.uchile.cl/index.php/RU/article/view/69411,2023,49,Entre lo social y lo construido: comprendiendo la caminata en barrios vulnerables de Santiago,"Un número importante de trabajos ha buscado identificar aquellos atributos sociales y físicos que podrían propiciar la caminata. Sin embargo, poco se sabe de cómo estos influyen a las personas que caminan por barrios socioeconómicamente vulnerables. El artículo explora cómo la esfera social y el entorno construido influencian en la caminata en barrios vulnerables. Para ello, reporta los resultados de una investigación cualitativa llevada a cabo en cuatro barrios que experimentan un profundo deterioro en sus estructuras socioespaciales en Santiago de Chile. Los resultados muestran que aspectos de la esfera social (redes sociales, vínculos) influencian la percepción de inseguridad de las personas, la disposición a realizar viajes a pie con propósitos sociales, la extensión de los territorios que se consideran “caminables” y el sentimiento de soledad que acompaña muchas de las caminatas que ocurren en este tipo de barrios. Los atributos del entorno construido reflejan la esfera social, afectando la experiencia de la caminata, y son señales de riesgo que modifican el comportamiento de las personas, ayudando a delinear lo que se considera “normal”. El análisis evidenció que la caminata es una práctica de riesgo en los barrios vulnerables de Santiago; una actividad compleja que debiese ser protegida por estrategias multidimensionales que aborden simultáneamente la esfera social y el entorno construido.",barrios vulnerables; entorno construido; esfera social; métodos cualitativos,html,,https://revistaurbanismo.uchile.cl/index.php/RU/article/view/69411/75024,https://revistaurbanismo.uchile.cl/index.php/RU/article/view/69411/75926
56,https://revistaurbanismo.uchile.cl/index.php/RU/article/view/69518,2023,48,"Red de actores y patrimonialización de barrios post-industriales: Bellavista Tomé en Chile, 2008 - 2017","En Chile, tal como ocurre a nivel global, el patrimonio industrial presenta dispares grados de valoración. Antiguos barrios industriales en ciudades intermedias se debaten entre la “ruinificación” y el redesarrollo de su legado construido. Este problema ha cobrado notoriedad en las últimas décadas, gracias a una ciudadanía cada vez más movilizada por la defensa patrimonial; y frente a la cual los actores públicos y privados han respondido reactivamente. A partir del caso del barrio textil de Bellavista, el objetivo de esta investigación es estudiar la interacción, agendas y capacidad de incidencia de diversos tipos de actores en procesos de patrimonialización, así como las estrategias utilizadas en particular por los actores sociales para superar las asimetrías de poder. El análisis de discurso y de redes arrojó una poderosa evidencia con respecto a la organización de los actores en comunidades intersectoriales y multiescalares, las que se articulan a su vez en torno a actores claves. Se verifica la importancia de estos vínculos para alterar las asimetrías de poder, así como el potencial articulador del gobierno local; empero, esto está fuertemente limitado por su ambivalente trayectoria y la consecuente desconfianza de los movimientos sociales.",Red de actores; conflicto social; patrimonio; redes,html,,https://revistaurbanismo.uchile.cl/index.php/RU/article/view/69518/73374,https://revistaurbanismo.uchile.cl/index.php/RU/article/view/69518/74706
57,https://revistaurbanismo.uchile.cl/index.php/RU/article/view/70179,2023,49,La ciudad planificada a través de la producción de la vivienda: una revisión a tres conjuntos de la Corvi en Chile (1961-1965),"En el entendido que la vivienda fue pieza clave en la planificación urbana durante el período de 1961-1965, este artículo examina la manera en la que el Estado materializó su rol planificador a través de una institucionalidad ad hoc y su expresión en diversos contextos regionales en Chile. Sobre la base de dos criterios, geográfico y tipológico, se analizan tres iniciativas: la remodelación El Morro, en Iquique; el conjunto habitacional Ignacio Zenteno en cerro Lecheros, Valparaíso; y de la villa San Pedro, en Coronel. Estos casos permiten examinar la propuesta de la vivienda en su relación con la ciudad a través de la Corporación de la Vivienda (Corvi). Las fuentes utilizadas —fundamentalmente memorias institucionales, publicaciones periódicas y diversos registros de las iniciativas estudiadas— se ponen en perspectiva bajo una metodología que compara los tres casos seleccionados, caracterizados por diferentes situaciones geográficas y estrategias proyectuales: remodelación, conjunto y villa. Mientras la remodelación de Iquique buscó generar contraste a través de la horizontalidad del bloque, en el conjunto de Valparaíso, en cambio, este se quebró para adaptarse a la pendiente; en tanto en la villa de Coronel se planificó una ciudad jardín con una amplia diversidad de usos en la periferia de la ciudad. Esto refleja diversas maneras en la que se planificó la ciudad, adecuándose a contextos urbanos y paisajísticos específicos, pero bajo una misma lógica de provisión de vivienda en un período en el que esta fue materia de un debate social, urbano y político.",conjunto habitacional; espacio público; planificación urbana; urbanismo; vivienda,html,,https://revistaurbanismo.uchile.cl/index.php/RU/article/view/70179/75026,https://revistaurbanismo.uchile.cl/index.php/RU/article/view/70179/75925
58,https://revistaurbanismo.uchile.cl/index.php/RU/article/view/70633,2023,49,Modelación energética en barrios de Valdivia: Aplicación de la Calificación Energética de Viviendas para el análisis de tipologías y su potencial de mejora,"Las ciudades del centro-sur de Chile se enfrentan a graves problemas de contaminación atmosférica y pobreza energética. En este escenario, la rehabilitación masiva de viviendas permitiría diversos beneficios como la reducción de la contaminación atmosférica, la disminución de los costos de calefacción de los hogares y mejores condiciones de confort interior, lo que conllevaría a una mejora en la salud y calidad de vida de la población. Disponer de información para planificar y priorizar las áreas de la ciudad a intervenir es clave para obtener mejores resultados a corto y mediano plazo e invertir los recursos de forma eficiente. En este contexto, se propone que la modelación energética de las viviendas extrapolada a una escala urbana —tomando como ejemplo la ciudad de Valdivia— permitiría identificar los sectores que tienen mayor urgencia de ser intervenidos y mayor potencial de mejora. La metodología se basó en modelaciones energéticas híbridas a partir de metodologías tipo bottom up y se dividió la ciudad en 35 sectores en los que se realizó un levantamiento constructivo detallado de todos los modelos de vivienda, los que se agruparon en 74 tipologías. Posteriormente se simuló el desempeño actual de cada tipología y su potencial de mejora mediante la implementación de estrategias de reacondicionamiento en el marco del Plan de Descontaminación Atmosférica para la comuna de Valdivia. Las modelaciones se realizaron utilizando las metodologías de cálculo de la Calificación Energética de Viviendas (CEV) y los resultados muestran un importante potencial teórico de mejora, con una media del 68 % para todas ellas. Con esta información se llevó a cabo una extrapolación de los resultados de las simulaciones de viviendas a una escala de barrio, y se elaboraron mapas que tienen como objetivo visualizar el potencial de mejora que implica realizar reacondicionamientos masivos en la ciudad. Estos constituyen una herramienta para la planificación y priorización, replicable para otras ciudades con el objetivo de minimizar el consumo energético, la contaminación atmosférica y la vulnerabilidad energética de los barrios, promoviendo así procesos de transición energética sostenibles y justos.",calificación energética de viviendas; contaminación atmósferica; modelamiento energético de viviendas; planificación energética urbana; sostenibilidad energética,html,,https://revistaurbanismo.uchile.cl/index.php/RU/article/view/70633/75032,https://revistaurbanismo.uchile.cl/index.php/RU/article/view/70633/75934
59,https://revistaurbanismo.uchile.cl/index.php/RU/article/view/71032,2023,49,Contrastes multidimensionales y territoriales en resiliencia comunitaria ante el desastre entre zonas urbanas y rurales de la Comuna de Corral,"Tras un incremento de las amenazas a nivel global, surge la necesidad de buscar formas efectivas de prevenir, prepararse y adaptarse ante sus efectos, lo cual es posible mediante el aumento de la resiliencia comunitaria. En Chile, la investigación en esta disciplina se ha incrementado luego del terremoto y tsunami de 2010, sin mayor profundización en la integración de las diferentes capacidades o dimensiones del ambiente urbano y rural ante el desastre. Por este motivo, el objetivo de este estudio es analizar la resiliencia comunitaria de la comuna de Corral, caracterizando y contrastando las distintas capacidades de las zonas urbanas y rurales, con la finalidad de identificar similitudes y diferencias que permitan profundizar en las medidas de prevención, preparación y adaptación al desastre. La metodología tuvo una aproximación multidimensional, con métodos mixtos de recolección y análisis de datos relacionados con las dimensiones física, ambiental, socioeconómica y perceptual. Los resultados indican similitudes en las capacidades perceptuales, pero diferencias importantes en las capacidades ambientales; mientras que las capacidades física y socioeconómica varían según el indicador evaluado. El estudio visibiliza las similitudes y diferencias en la resiliencia comunitaria en zonas urbanas y rurales, las cuales también han sido encontradas en investigaciones previas en otros contextos. A la vez, revela y discute el potencial para la resiliencia comunitaria ante el desastre si se planifican ambas zonas como un sistema. Se discuten las dificultades y posibilidades de su integración en los instrumentos de planificación territorial de la comuna de Corral y en contextos similares de Chile.",desastres; resiliencia comunitaria; resiliencia multidimensional; rural; urbano,html,,https://revistaurbanismo.uchile.cl/index.php/RU/article/view/71032/75027,https://revistaurbanismo.uchile.cl/index.php/RU/article/view/71032/75928
60,https://revistaurbanismo.uchile.cl/index.php/RU/article/view/71059,2023,49,Airbnb en Valparaíso: dinámicas de localización y su relación con procesos de turistificación y despoblamiento,"Las plataformas de arriendo de vivienda de corta estadía como Airbnb han capturado la atención de los estudios urbanos dado su efecto en el valor de arriendo y compra de viviendas, desplazamiento de residentes, impacto en la vida de estos, captura de renta de suelo y conflictos con el mercado hotelero. Este artículo analiza el surgimiento de Airbnb como un submercado inmobiliario que instala una nueva expresión del proceso de turistificación en Valparaíso. Mediante un análisis espacial, se investiga el desarrollo de Airbnb en la ciudad, considerando los principales polos de desarrollo, distribución según tipologías de arriendo y su relación con procesos de turistificación visibles en cerros patrimoniales. Los resultados muestran polos de expansión diferenciados, donde se promocionan experiencias urbanas en barrios con oferta gastronómica y cultural, balcón al océano Pacífico, hasta experiencias “auténticas” del puerto, con residentes propios de la ciudad. Airbnb abre una nueva etapa en el proceso de turistificación iniciado en 2003, incorporando el arriendo de viviendas como recurso valorizado desde los mercados turísticos. Su desarrollo refuerza el despoblamiento de la parte baja de cerros, agudizando un problema estructural de la ciudad. El caso de Valparaíso muestra la necesidad de observar a futuro el impacto de esta plataforma en el acceso a la vivienda y procesos de despoblamiento en la ciudad chilena.",Airbnb; plataformas digitales; vivienda; Valparaíso,html,,https://revistaurbanismo.uchile.cl/index.php/RU/article/view/71059/75031,https://revistaurbanismo.uchile.cl/index.php/RU/article/view/71059/75933
61,https://revistaurbanismo.uchile.cl/index.php/RU/article/view/71307,2023,49,La situación del derecho a la vivienda para personas LGBT+ en Chile,"Hace dos décadas era infrecuente la producción gubernamental de datos estadísticos acerca de personas LGBT+. Esto implicaba problemas en el diseño de políticas sociales urbanas. Las organizaciones sociales suplían esta carencia, generando información de la situación de los derechos humanos LGBT+, sin ahondar en el derecho a una vivienda adecuada. En este artículo se busca realizar un aporte a la producción, gestión y análisis de información del derecho a la vivienda adecuada. Para ello, se realiza una revisión de cada uno de los siete elementos clave de este derecho: la seguridad de la tenencia, la disponibilidad de servicios, los gastos soportables (asequibilidad), habitabilidad, la accesibilidad, ubicación (lugar) y la adecuación cultural. Si bien existe un conjunto de iniciativas legales que protegen derechos LGBT+, el resultado del análisis constata que, en cada uno de los elementos clave del derecho se producen diversos conflictos que las personas LGBT+ enfrentan para la producción y gestión del espacio urbano, de viviendas, barrios y ciudades, en torno a la justicia espacial.",derecho a la vivienda adecuada; derechos humanos; población LGBT,html,,https://revistaurbanismo.uchile.cl/index.php/RU/article/view/71307/75034,https://revistaurbanismo.uchile.cl/index.php/RU/article/view/71307/75932
62,https://revistaurbanismo.uchile.cl/index.php/RU/article/view/71433,2023,49,Factores incidentes en la vulnerabilidad sísmica y planificación urbana: recomendaciones de modificación del Plan Regulador Comunal de Puente Alto ante el riesgo de la falla San Ramón,"La falla San Ramón, de tipo cortical activa, recorre de norte a sur el piedemonte de Santiago pasando por las comunas de Lo Barnechea, Vitacura, Las Condes, La Reina, Peñalolén, La Florida, Puente Alto y Pirque. Esta situación es compleja debido a que las normas chilenas NCh433.Of1996 “Diseño sísmico de edificios” (Instituto Nacional de Normalización [INN], 1996) y NCh2369.Of2003 “Diseño sísmico de estructuras e instalaciones industriales” (INN, 2003) no consideran la presencia de fallas geológicas, las que tampoco se incorporan en el Plan Regulador Metropolitano de Santiago o en los planes reguladores comunales concernientes. El área amenazada en Puente Alto es una de las zonas con mayores daños esperados por aceleración de esta falla y se encuentra menos urbanizada que en las demás comunas. La presente investigación tiene por objetivo identificar los factores incidentes en la vulnerabilidad sísmica, de manera de recomendar ajustes normativos al Plan Regulador Comunal de Puente Alto en dicha área, pues ello tendría un efecto preventivo mayor que en las otras comunas. Para lo anterior, se usa un enfoque mixto que incluye entrevistas semiestructuradas a profesionales especialistas en riesgo sísmico y planificación urbana, así como el análisis de los instrumentos de planificación vigentes. Los resultados muestran que el principal factor incidente en la vulnerabilidad es el uso de suelo, por lo que se propone una clasificación de los usos de acuerdo con su nivel de criticidad. Se concluye que es posible ajustar el Plan Regulador Comunal de Puente Alto, reduciendo el riesgo sísmico asociado a la falla San Ramón.",Factores incidentes; Falla San Ramón; Plan Regulador Comunal; Puente Alto; Vulnerabilidad sísmica,html,,https://revistaurbanismo.uchile.cl/index.php/RU/article/view/71433/75033,https://revistaurbanismo.uchile.cl/index.php/RU/article/view/71433/75927
63,https://revistaurbanismo.uchile.cl/index.php/RU/article/view/71506,2023,49,Desafíos de Integración Urbana en Chile: Segregación Residencial y el Rol del Capital Humano Avanzado bajo Influencias Neoliberales,"Este estudio explora la segregación residencial en Chile, enfocándose en el capital humano avanzado como indicador de nivel socioeconómico. Utilizando datos del censo 2002 y 2017, se aborda la segregación a escalas nacional, regional y comunal mediante el índice de disimilitud. Los hallazgos revelan una marcada segregación en las principales ciudades. De manera especulativa, los niveles de segregación son tan altos que sería necesario reubicar al 54 % de la población para aumentar significativamente los niveles de integración urbana. Desde enfoques más fehacientes, estos hallazgos implican la importancia de descentralizar la educación y crear condiciones habitacionales que promuevan la productividad y la innovación. La investigación concluye que las políticas neoliberales han limitado la construcción de ciudades integradas y que las estrategias existentes han sido insuficientes para abordar la raíz de la desigualdad y segregación residencial en Chile.",capital humano avanzado; disimilitud; políticas públicas; segregación residencial,html,,https://revistaurbanismo.uchile.cl/index.php/RU/article/view/71506/75036,https://revistaurbanismo.uchile.cl/index.php/RU/article/view/71506/75930
64,https://revistaurbanismo.uchile.cl/index.php/RU/article/view/71857,2024,50,Propuesta para la gestión de vistas relevantes del paisaje urbano histórico de Camagüey,"Las presiones socioeconómicas del mundo globalizado actúan negativamente sobre los elementos identitarios característicos de las ciudades patrimoniales; resaltan la inserción de edificios altos y otras transformaciones morfológicas que modifican su integridad visual, escala, ritmo, diversidad visual y funcional. De aquí la necesidad de desarrollar un instrumento de gestión urbana, basado en una concepción de paisaje y en los enfoques sistémico y estratégico, para la protección de las vistas relevantes en paisajes urbanos históricos, que contribuya a su aprovechamiento socioeconómico y a la preservación de su integridad visual. Como sustento de este instrumento se realizaron concepciones teóricas que constituyen uno de los aportes fundamentales de la investigación, el mismo concibe este tipo de gestión en un proceso que la organiza, valora-planea, planifica y monitorea-controla. La propuesta fue validada mediante el criterio de expertos y su aplicación en el centro histórico de Camagüey. Los resultados se reflejan en el carácter vinculante del instrumento desarrollado con otras escalas de planeamiento, en su capacidad de enriquecer y perfeccionar la gestión urbano-patrimonial actual y en las posibilidades de extensión a otros centros históricos.",centro histórico de Camagüey; gestión urbana; paisaje urbano histórico; vistas relevantes,html,,https://revistaurbanismo.uchile.cl/index.php/RU/article/view/71857/76653,https://revistaurbanismo.uchile.cl/index.php/RU/article/view/71857/81649
65,https://revistaurbanismo.uchile.cl/index.php/RU/article/view/72232,2024,50,Integración social urbana de familias de campamentos relocalizadas en el Gran Valparaíso 2011-2022: casos en Placilla-Curauma,"En la última década, Chile ha experimentado un crecimiento sostenido de los campamentos, especialmente en la Región de Valparaíso, que concentra el 22 % de estos a nivel nacional. Para su abordaje, el Estado ha priorizado la estrategia de relocalización mediante la entrega de subsidios habitacionales, trasladando familias desde los campamentos a diferentes lugares, con escasas evidencias de los impactos en integración social urbana (ISU), principio rector de la Política Nacional de Desarrollo Urbano. Este artículo visualiza el desplazamiento geográfico de las familias en el Gran Valparaíso entre 2011 y 2022, y analiza sus percepciones y experiencias desde una esfera sociocultural, política, económica y espacial. Los resultados indican que estas perciben mejoras en las condiciones de habitabilidad en la vivienda, sin embargo, presentan dificultades para reconstruir la identidad social que existía en el campamento, se han debilitado sus vínculos con el mercado laboral y los ingresos, los servicios urbanos esenciales no tienen disponibilidad y cobertura adecuada, y perciben abandono por parte de las instituciones públicas en el proceso de adaptación e integración al barrio. Esto resalta la urgencia de incorporar estrategias integrales de orden material y simbólico que aborden la ISU desde la multidimensionalidad que implica la situación vital de una familia.",asentamientos autoproducidos; campamentos; integración social urbana; relocalización,html,,https://revistaurbanismo.uchile.cl/index.php/RU/article/view/72232/76657,https://revistaurbanismo.uchile.cl/index.php/RU/article/view/72232/81651
66,https://revistaurbanismo.uchile.cl/index.php/RU/article/view/73654,2024,50,"Urbanismo neoliberal, planificación territorial y construcción social del riesgo de desastres: caso socavones en Reñaca norte, Chile","El artículo busca aportar evidencia a la caracterización de un proceso de construcción social del riesgo de desastres de larga data, en el cual la planificación territorial insensible al este se reconoce como el principal factor subyacente. Mediante un enfoque procesual se concluye sobre la estrecha relación existente en procesos de urbanización neoliberal y el despliegue multinivel del poder empresarial, el que moviliza desarrollos inmobiliarios que han promovido una expansión urbana-turística depredadora ambientalmente para la zona de interés e incidido directamente en la exposición a riesgo de desastres de los residentes y de la infraestructura construida. Mediante la metodología de investigación forense que analiza las causas de base de los desastres (Forensic Investigations of Disaster, FORIN), es posible deconstruir la situación que experimenta actualmente un conjunto de edificios ubicados en el exclusivo sector costero residencial de Cochoa, Reñaca norte, Viña del Mar, Región de Valparaíso en Chile, los que han sido categorizados como inhabitables debido a dos socavones aledaños que condicionan suestabilidad y ocupación desde el mes de agosto de 2023. Emplazados sobre un ecosistema frágil, como lo es un campo dunar, existieron estudios técnicos que daban cuenta del riesgo de sobrecargarlo con edificaciones, no obstante, se omitió el reconocimiento de riesgo en el respectivo instrumento de planificación territorial —Plan Regulador Comunal de Viña del Mar— definiendo el área de emplazamiento como zona residencial.",construcción social del riesgo; factor subyacente del riesgo; planificación territorial; poder empresarial; urbanismo neoliberal,html,,https://revistaurbanismo.uchile.cl/index.php/RU/article/view/73654/76661,https://revistaurbanismo.uchile.cl/index.php/RU/article/view/73654/81655
67,https://revistaurbanismo.uchile.cl/index.php/RU/article/view/73875,2024,50,Explorar los cambios en la movilidad al iniciar la universidad: modos de transporte y espacio de actividades de jóvenes en Santiago de Chile,"El ingreso o transición a la universidad es un hito relevante en las trayectorias biográficas de jóvenes y sus grupos familiares, lo que ha promovido un diverso campo de investigación interdisciplinaria para comprender las implicancias de este proceso. Desde la perspectiva de los estudios urbanos, este tema se ha abordado desde la experiencia de las y los jóvenes en sus desplazamientos hacia sus lugares de estudio y los modos de transporte que emplean en esos trayectos. Sin embargo, aún es un desafío abordar este proceso desde una perspectiva inscrita en las biografías de movilidad, vale decir, con atención a los cambios que experimentan en ella. En este trabajo se identifican los cambios en la movilidad urbana de jóvenes, específicamente en los modos de transporte y en el espacio de actividades sociales durante su transición a la universidad en la Región Metropolitana de Santiago. Para ello, se reportan los resultados de un cuestionario autoaplicado a jóvenes que ingresaron a la universidad a programas de pregrado en el año 2023. Los resultados muestran que quienes entran a la universidad experimentan cambios que vuelven más sensibles los modos de transporte y actividades sociales a escala de barrio y comuna; que los cambios afectan más a las actividades de socialización, de ocio y recreación de las y los jóvenes; y que el repertorio de actividades desde el inicio de la universidad se experimenta de manera diferenciada según el género, el ingreso del grupo familiar, el sector de residencia y la localización del campus de estudio. Este trabajo ofrece una oportunidad para problematizar las formas en que se concibe la transición a la universidad desde el enfoque de las movilidades a escala metropolitana.",Biografías de movilidad; Campus urbano; Espacio de actividades; estudiante universitario; modos de transporte; movilidad urbana,html,,https://revistaurbanismo.uchile.cl/index.php/RU/article/view/73875/76658,https://revistaurbanismo.uchile.cl/index.php/RU/article/view/73875/81653
68,https://revistaurbanismo.uchile.cl/index.php/RU/article/view/74186,2024,50,Patrimonio y densificación en altura: la Basílica de los Sacramentinos de Santiago de Chile,"El crecimiento urbano impacta en el entorno construido y en edificios históricos de las áreas pericentrales de las ciudades. En este contexto, la presente investigación tiene como objetivo identificar los procesos de transformación urbana que involucran la densificación en altura en torno a un espacio patrimonial con doble acción de protección: Monumento Histórico y Zona Típica del Barrio Cívico, como el caso de la Basílica de los Sacramentinos de la comuna de Santiago, Chile. A partir de una metodología mixta, se analizó el plan de repoblamiento, la evolución y desplazamiento de la oferta inmobiliaria, los permisos de edificación, el valor de suelo y el análisis de la normativa patrimonial estatal y municipal. Los resultados muestran cómo se ha transformado el barrio donde se inserta la basílica, el beneficio normativo del Plan Regulador Comunal y la obsolescencia física que afecta al inmueble, la cual ha incidido en su desvalorización patrimonial, dejándolo como un elemento patológico segregado de la actual trama urbana. Finalmente, con base en los resultados se proponen recomendaciones para la convivencia de nuevos procesos urbanos y edificios patrimoniales.",densificación en altura; normativa patrimonial; proyectos inmobiliarios,html,,https://revistaurbanismo.uchile.cl/index.php/RU/article/view/74186/76660,https://revistaurbanismo.uchile.cl/index.php/RU/article/view/74186/81646
69,https://revistaurbanismo.uchile.cl/index.php/RU/article/view/75015,2024,50,Número 50 de Revista de Urbanismo: 25 años de aporte al conocimiento sobre desafíos urbanos y territoriales desde la Universidad de Chile,,,ninguno,,https://revistaurbanismo.uchile.cl/index.php/RU/article/view/75015/76656,https://revistaurbanismo.uchile.cl/index.php/RU/article/view/75015/81645
70,https://revistaurbanismo.uchile.cl/index.php/RU/article/view/74710,2025,52,"Vivienda de mineros fuera del company town en Lota, Chile: ¿un tipo de paternalismo industrial estatal?","La industria minera del siglo XIX y de la primera mitad del XX fue detonante para el desarrollo de un vasto patrimonio industrial en Chile. Algunos ejemplos de las company towns han sido designados como tal y poseen importancia internacional, nacional o local. En contraste, los conjuntos de viviendas para trabajadores construidos fuera de los enclaves industriales han recibido mucha menos atención. Es así como —a la fecha— gran parte de este legado minero prácticamente ha desaparecido bajo sucesivas alteraciones. El objetivo de este artículo es identificar las particularidades de estos conjuntos como un tipo distintivo del modelo paternalista industrial. Como caso de estudio se analiza el conjunto habitacional Isidora Goyenechea (IG), ubicado en la ciudad minera de Lota (Chile). Se emplearon métodos documentales, observación en terreno y entrevistas a los habitantes actuales para comparar similitudes y diferencias de este barrio con el modelo paternalista tradicional. Los resultados demuestran que, en muchos aspectos, IG responde a este modelo. Dicho esto, una característica distintiva se deriva de la participación del Estado en su desarrollo. En este sentido, IG refleja un cambio ideológico desde la vivienda para trabajadores concebida como una parte de la cadena productiva a la vivienda hacia un medio para la regeneración social.",barrio minero; patrimonio urbano; vivienda obrera,html,,https://revistaurbanismo.uchile.cl/index.php/RU/article/view/74710/79439,https://revistaurbanismo.uchile.cl/index.php/RU/article/view/74710/81672
71,https://revistaurbanismo.uchile.cl/index.php/RU/article/view/76280,2025,52,"Actividad industrial y soluciones habitacionales en la “Ciudad del papel” de Puente Alto, Santiago de Chile (1920-1950)","Durante el período entre 1920-1950, se produjeron eventos clave que configuraron el desarrollo industrial de la comuna de Puente Alto, como la llegada de la Compañía Manufacturera de Papeles y Cartones, la construcción de proyectos de viviendas para los trabajadores, la implementación de alcantarillado, luminaria y la pavimentación de calles. En este artículo se analiza cómo la actividad industrial y las soluciones habitacionales impulsaron la urbanización del área de estudio, así como las contradicciones que surgieron en el proceso. La metodología empleada fue cualitativa, basada en los enfoques de la historia urbana y la geografía histórica. El estudio se apoyó en documentos históricos provenientes de las principales industrias de la comuna, información del gobierno local y revisiones de la prensa local. Los resultados destacan una espacialidad en la que interactúan la industria, el gobierno local y los pobladores urbanos. Se construyeron poblaciones modelo orientadas a mantener una mano de obra cautiva, soluciones derivadas de la institucionalidad vigente en ese período, y surgieron tensiones debido a la precariedad de ciertos conjuntos habitacionales. El entramado territorial resulta complejo, influenciado por la acción hegemónica de la industria y las contradicciones sociales emergentes.",barrios obreros; industrialización; habitar; vivienda; Puente Alto,html,,https://revistaurbanismo.uchile.cl/index.php/RU/article/view/76280/79411,https://revistaurbanismo.uchile.cl/index.php/RU/article/view/76280/81673
72,https://revistaurbanismo.uchile.cl/index.php/RU/article/view/77630,2025,53,Nuevas escalas e integración social del Ejército en el último estadio del ciclo de urbanización desarrollista. El caso de las villas militares CORMU en Santiago de Chile (1972-1976),"Este estudio versa sobre las villas militares que la Corporación de Mejoramiento Urbano (CORMU) planificó y construyó en dos espacios de la capital de Chile entre 1971 y 1976, la Villa Militar del Oeste y la Villa Militar del Este. Basado en las pesquisas realizadas en el fondo CORMU del Archivo Nacional de la Administración (ARNAD), fuentes de prensa y documentos institucionales del Ejército, el artículo explica el derrotero del proyecto, relevando la importancia del Convenio CORMU-Ejército de Chile propiciado por el gobierno de la Unidad Popular. Posteriormente, el estudio centra su atención en las debilidades macroeconómicas del período y en cómo el quiebre democrático que experimentó el país tras el 11 de septiembre de 1973 cambió la lógica del proyecto hasta el instante en que las obras concluyeron, hecho que coincide con la decisión de la dictadura civil-militar de disolver la CORMU.",Convenio; CORMU; Ejército de Chile; Villa Militar del Este; Villa Militar del Oeste,html,,https://revistaurbanismo.uchile.cl/index.php/RU/article/view/77630/80670,https://revistaurbanismo.uchile.cl/index.php/RU/article/view/77630/81681
73,https://revistaurbanismo.uchile.cl/index.php/RU/article/view/78190,2025,53,Periferias de sacrificio ambiental y acumulación de capital en Chile: Un análisis de la distribución de emisiones de CO2 y tributación empresarial,"A nivel global se generan espacios periféricos destinados a la extracción y procesamiento de materiales, pero también espacios centrales que concentran la riqueza. Utilizando el marco analítico de la periferia de recursos, se profundiza en cómo el excedente de capital generado en la periferia circula hacia los núcleos metropolitanos y es capturado en grandes áreas urbanas, dando cuenta de procesos económicos espaciales que, han descuidado la perspectiva ambiental y los diversos procesos de degradación ambiental. En este sentido, este trabajo analiza el caso chileno, profundizando particularmente en la relación entre la localización de las instalaciones industriales de las empresas y la respectiva emisión de CO2, con la localización de la casa matriz de las empresas y las zonas donde registran sus ventas. Con ello, se busca explorar la relación centro-periferia de los principales agentes contaminantes y su distribución espacial, para finamente discutir cómo se constituyen periferias asociadas a zonas de sacrificio ambiental y núcleos de acumulación del capital.",áreas metropolitanas; capital; Chile; periferia; zonas de sacrificio,html,,https://revistaurbanismo.uchile.cl/index.php/RU/article/view/78190/80676,https://revistaurbanismo.uchile.cl/index.php/RU/article/view/78190/81685
74,https://revistaurbanismo.uchile.cl/index.php/RU/article/view/78546,2025,53,"Cordones industriales: golpes, fracturas y anastilosis del vestigio en Santiago de Chile","A través del análisis de evidencias históricas y una muestra de fotografías de vestigios industriales en la ciudad de Santiago de Chile, este artículo propone una exploración teórica sobre cómo las huellas de las ausencias y utopías políticas afectan el presente urbano a través de elementos estéticos y espaciales. Se abordan los Cordones Industriales en la ciudad de Santiago, un movimiento popular y obrero que organizó soberanía desde las bases a través de la toma de industrias durante el gobierno del presidente Salvador Allende (1970-1973). La exploración se concentra en dos mapas y una serie fotografías de dichos vestigios. El artículo se vale de un análisis visual de los mapas y las fotografías con el fin de conceptualizar la huella estética y las geografías negativas de las utopías políticas. Finalmente, pone en diálogo la relación entre memoria y la imposibilidad de los procesos de anastilosis en dichos vestigios industriales.",Industria; Unidad Popular; vestigio,html,,https://revistaurbanismo.uchile.cl/index.php/RU/article/view/78546/80671,https://revistaurbanismo.uchile.cl/index.php/RU/article/view/78546/81682
75,https://revistaurbanismo.uchile.cl/index.php/RU/article/view/78690,2025,53,"Cartografía del acoso sexual callejero en Temuco: violencia de género, inseguridad y espacialidad","Este artículo analiza el acoso sexual callejero como una forma estructural de violencia de género en el espacio público urbano, con foco en la ciudad de Temuco, Chile. A partir de una encuesta digital implementada mediante Survey123 de ArcGIS, se recopilaron datos sobre experiencias de acoso, percepción de inseguridad y localización espacial de los eventos. La muestra estuvo compuesta por 125 personas mayores de 18 años, con predominio de mujeres jóvenes con alta exposición al espacio urbano. El instrumento permitió identificar los tipos de acoso sufridos, los cambios en las movilidades adoptadas y las zonas de mayor incidencia de acoso en la ciudad.Los resultados muestran una alta prevalencia de acoso verbal y físico, con inicio desde edades tempranas. Se identificaron tres zonas críticas donde se concentran los reportes: la Feria Pinto, el eje cívico-comercial y la plaza Dagoberto Godoy. El análisis de densidad espacial revela patrones territoriales asociados a factores ambientales y sociales. Se concluye que el acoso sexual callejero funciona como un mecanismo de exclusión urbana y control espacial, afectando la habitabilidad, la autonomía y el derecho a la ciudad. Se proponen recomendaciones para el diseño de políticas públicas con enfoque territorial y de género.",Acoso sexual callejero; Cartografía urbana; Espacio público; Género y ciudad; Inseguridad percibida,html,,https://revistaurbanismo.uchile.cl/index.php/RU/article/view/78690/80600,https://revistaurbanismo.uchile.cl/index.php/RU/article/view/78690/81684
76,https://revistaurbanismo.uchile.cl/index.php/RU/article/view/79349,2025,53,"Vivienda low cost en altura: el costo de la máxima rentabilización en las torres precarias de Estación Central, Santiago de Chile","Este estudio analiza el fenómeno de las ‘torres precarias’ en Estación Central como expresión de la financiarización habitacional en el marco de un modelo de bienestar basado en activos. Estas edificaciones de alta densidad han proliferado bajo la especulación inmobiliaria, en un contexto de regulaciones permisivas y débiles mecanismos de control estatal. La investigación se apoya en un enfoque mixto que combina un catastro de edificaciones construidas entre 2008 y 2023, un análisis comparativo de la oferta de departamentos en arriendo en el Área Metropolitana de Santiago, un estudio morfológico multiescalar con representaciones axonométricas y trabajo de campo en terreno, orientado a observar las condiciones urbanas y habitacionales. Los resultados muestran la consolidación de un modelo habitacional low cost, basado en la maximización de rentabilidad mediante la estandarización tipológica y la reducción extrema de superficies habitables. Estación Central se configura así como un laboratorio urbano del arriendo precarizado, caracterizado por torres masivas, departamentos mínimos y precios relativamente bajos. Este escenario refleja las tensiones entre la financiarización de la vivienda y el derecho a la ciudad, evidenciando cómo el mercado formal puede reproducir desigualdades y profundizar procesos de exclusión residencial.","Bienestar basado en activos; Estación Central (Santiago, Chile); financiarización habitacional; modelo low cost; torres precarias",html,,https://revistaurbanismo.uchile.cl/index.php/RU/article/view/79349/80672,https://revistaurbanismo.uchile.cl/index.php/RU/article/view/79349/81679
